gameId,teamId,teamCity,teamName,teamTricode,teamSlug,minutes,fieldGoalsMade,fieldGoalsAttempted,fieldGoalsPercentage,threePointersMade,threePointersAttempted,threePointersPercentage,freeThrowsMade,freeThrowsAttempted,freeThrowsPercentage,reboundsOffensive,reboundsDefensive,reboundsTotal,assists,steals,blocks,turnovers,foulsPersonal,points,plusMinusPoints
22400061,1610612738,Boston,Celtics,BOS,celtics,240:00,48,95,0.505,29,61,0.475,7,8,0.875,11,29,40,33,6,3,3,15,132,23.0
22400061,1610612752,New York,Knicks,NYK,knicks,240:00,43,78,0.551,11,30,0.367,12,16,0.75,5,29,34,20,2,3,11,12,109,-23.0
22400071,1610612746,LA,Clippers,LAC,clippers,265:00,42,92,0.457,8,29,0.276,21,30,0.7,13,38,51,27,9,1,21,29,113,-3.0
22400071,1610612756,Phoenix,Suns,PHX,suns,265:00,38,78,0.487,15,38,0.395,25,34,0.735,4,38,42,25,12,9,22,23,116,3.0
22400070,1610612762,Utah,Jazz,UTA,jazz,240:00,40,85,0.471,10,26,0.385,34,45,0.756,14,35,49,21,7,9,14,24,124,-2.0
22400070,1610612763,Memphis,Grizzlies,MEM,grizzlies,240:00,43,91,0.473,17,45,0.378,23,32,0.719,13,28,41,28,7,5,12,35,126,2.0
22400068,1610612745,Houston,Rockets,HOU,rockets,240:00,38,103,0.369,13,43,0.302,16,20,0.8,16,27,43,19,8,4,8,18,105,-5.0
22400068,1610612766,Charlotte,Hornets,CHA,hornets,240:00,38,85,0.447,15,39,0.385,19,24,0.792,15,41,56,20,6,10,16,21,110,5.0
22400069,1610612740,New Orleans,Pelicans,NOP,pelicans,240:00,45,97,0.464,14,37,0.378,19,21,0.905,7,35,42,29,15,10,11,17,123,12.0
22400069,1610612741,Chicago,Bulls,CHI,bulls,240:00,42,86,0.488,10,34,0.294,17,25,0.68,9,38,47,26,4,2,21,16,111,-12.0
22400065,1610612748,Miami,Heat,MIA,heat,240:00,32,82,0.39,11,34,0.324,22,29,0.759,9,32,41,24,5,8,11,19,97,-19.0
22400065,1610612753,Orlando,Magic,ORL,magic,240:00,41,96,0.427,18,49,0.367,16,22,0.727,18,39,57,28,8,8,11,21,116,19.0
22400072,1610612757,Portland,Trail Blazers,POR,blazers,240:00,36,92,0.391,8,34,0.235,24,30,0.8,13,29,42,21,10,4,17,22,104,-36.0
22400072,1610612744,Golden State,Warriors,GSW,warriors,240:00,48,93,0.516,20,48,0.417,24,30,0.8,15,42,57,38,13,5,17,27,140,36.0
22400067,1610612761,Toronto,Raptors,TOR,raptors,240:00,36,86,0.419,12,31,0.387,22,29,0.759,14,24,38,25,8,6,18,24,106,-30.0
22400067,1610612739,Cleveland,Cavaliers,CLE,cavaliers,240:00,51,87,0.586,14,30,0.467,20,26,0.769,8,28,36,29,10,9,12,22,136,30.0
22400064,1610612737,Atlanta,Hawks,ATL,hawks,240:00,39,80,0.487,9,28,0.321,33,46,0.717,12,33,45,25,12,9,16,20,120,4.0
22400064,1610612751,Brooklyn,Nets,BKN,nets,240:00,40,91,0.44,17,43,0.395,19,25,0.76,12,31,43,21,8,6,17,32,116,-4.0
22400063,1610612765,Detroit,Pistons,DET,pistons,240:00,38,88,0.432,9,33,0.273,24,28,0.857,12,26,38,22,6,2,12,21,109,-6.0
22400063,1610612754,Indiana,Pacers,IND,pacers,240:00,42,83,0.506,9,31,0.29,22,25,0.88,7,32,39,32,10,8,15,23,115,6.0
22400066,1610612755,Philadelphia,76ers,PHI,sixers,240:00,41,98,0.418,8,31,0.258,19,27,0.704,17,32,49,18,4,2,10,28,109,-15.0
22400066,1610612749,Milwaukee,Bucks,MIL,bucks,240:00,43,80,0.537,16,37,0.432,22,31,0.71,8,38,46,27,4,9,14,23,124,15.0
22400076,1610612758,Sacramento,Kings,SAC,kings,240:00,38,82,0.463,11,29,0.379,28,35,0.8,4,34,38,21,7,2,9,18,115,-2.0
22400076,1610612750,Minnesota,Timberwolves,MIN,timberwolves,240:00,41,86,0.477,20,50,0.4,15,17,0.882,6,36,42,24,3,2,16,24,117,2.0
22400074,1610612742,Dallas,Mavericks,DAL,mavericks,240:00,42,102,0.412,19,44,0.432,17,23,0.739,17,33,50,27,9,5,9,21,120,11.0
22400074,1610612759,San Antonio,Spurs,SAS,spurs,240:00,39,86,0.453,12,36,0.333,19,24,0.792,12,40,52,30,6,5,19,18,109,-11.0
22400073,1610612764,Washington,Wizards,WAS,wizards,240:00,41,95,0.432,7,36,0.194,13,18,0.722,10,30,40,27,9,6,13,19,102,-20.0
22400073,1610612738,Boston,Celtics,BOS,celtics,240:00,42,90,0.467,17,45,0.378,21,27,0.778,12,37,49,21,7,3,14,19,122,20.0
22400075,1610612743,Denver,Nuggets,DEN,nuggets,240:00,35,98,0.357,7,38,0.184,10,14,0.714,17,40,57,29,11,7,15,12,87,-15.0
22400075,1610612760,Oklahoma City,Thunder,OKC,thunder,240:00,43,101,0.426,8,36,0.222,8,12,0.667,13,36,49,23,9,13,12,15,102,15.0
22400084,1610612762,Utah,Jazz,UTA,jazz,240:00,29,92,0.315,9,42,0.214,19,26,0.731,14,31,45,18,8,5,22,11,86,-41.0
22400084,1610612744,Golden State,Warriors,GSW,warriors,240:00,51,106,0.481,20,50,0.4,5,6,0.833,19,41,60,35,15,6,13,25,127,41.0
22400086,1610612757,Portland,Trail Blazers,POR,blazers,240:00,37,90,0.411,13,37,0.351,16,20,0.8,10,38,48,26,7,11,19,22,103,-2.0
22400086,1610612740,New Orleans,Pelicans,NOP,pelicans,240:00,36,86,0.419,12,32,0.375,21,31,0.677,11,33,44,25,12,8,14,22,105,2.0
22400085,1610612747,Los Angeles,Lakers,LAL,lakers,240:00,40,75,0.533,14,27,0.519,29,39,0.744,6,31,37,33,10,5,12,18,123,7.0
22400085,1610612756,Phoenix,Suns,PHX,suns,240:00,42,82,0.512,17,37,0.459,15,17,0.882,5,29,34,35,8,4,16,26,116,-7.0
22400083,1610612749,Milwaukee,Bucks,MIL,bucks,240:00,46,93,0.495,13,40,0.325,17,25,0.68,8,39,47,24,5,3,14,14,122,-11.0
22400083,1610612741,Chicago,Bulls,CHI,bulls,240:00,46,96,0.479,21,47,0.447,20,23,0.87,9,37,46,30,10,4,9,17,133,11.0
22400082,1610612745,Houston,Rockets,HOU,rockets,240:00,43,98,0.439,17,43,0.395,25,36,0.694,23,41,64,20,10,4,17,32,128,20.0
22400082,1610612763,Memphis,Grizzlies,MEM,grizzlies,240:00,38,91,0.418,10,28,0.357,22,36,0.611,14,29,43,24,8,8,17,25,108,-20.0
22400078,1610612761,Toronto,Raptors,TOR,raptors,240:00,35,76,0.461,6,23,0.261,39,46,0.848,18,36,54,25,11,13,26,34,115,8.0
22400078,1610612755,Philadelphia,76ers,PHI,sixers,240:00,29,76,0.382,9,29,0.31,40,53,0.755,10,18,28,19,11,5,16,32,107,-8.0
22400079,1610612737,Atlanta,Hawks,ATL,hawks,240:00,39,81,0.481,14,38,0.368,33,38,0.868,7,32,39,25,11,9,13,28,125,5.0
22400079,1610612766,Charlotte,Hornets,CHA,hornets,240:00,37,96,0.385,21,51,0.412,25,31,0.806,22,31,53,22,7,4,17,28,120,-5.0
22400080,1610612739,Cleveland,Cavaliers,CLE,cavaliers,240:00,42,82,0.512,13,34,0.382,16,23,0.696,5,34,39,28,13,4,12,15,113,12.0
22400080,1610612765,Detroit,Pistons,DET,pistons,240:00,38,81,0.469,13,32,0.406,12,17,0.706,8,34,42,25,3,5,22,22,101,-12.0
22400081,1610612752,New York,Knicks,NYK,knicks,240:00,44,84,0.524,12,27,0.444,23,29,0.793,11,32,43,19,5,4,11,18,123,25.0
22400081,1610612754,Indiana,Pacers,IND,pacers,240:00,41,83,0.494,3,30,0.1,13,20,0.65,9,24,33,28,8,6,15,24,98,-25.0
22400088,1610612766,Charlotte,Hornets,CHA,hornets,240:00,39,89,0.438,13,41,0.317,15,21,0.714,15,31,46,20,6,5,17,24,106,-8.0
22400088,1610612748,Miami,Heat,MIA,heat,240:00,40,86,0.465,14,34,0.412,20,28,0.714,13,30,43,33,8,6,13,19,114,8.0
22400095,1610612756,Phoenix,Suns,PHX,suns,240:00,36,80,0.45,14,39,0.359,28,37,0.757,7,40,47,26,3,4,11,17,114,12.0
22400095,1610612742,Dallas,Mavericks,DAL,mavericks,240:00,37,93,0.398,13,41,0.317,15,18,0.833,12,34,46,22,6,2,8,28,102,-12.0
22400096,1610612747,Los Angeles,Lakers,LAL,lakers,240:00,48,92,0.522,14,34,0.412,21,24,0.875,13,32,45,32,8,3,19,19,131,4.0
22400096,1610612758,Sacramento,Kings,SAC,kings,240:00,45,88,0.511,15,44,0.341,22,25,0.88,5,27,32,32,12,5,14,19,127,-4.0
22400091,1610612741,Chicago,Bulls,CHI,bulls,240:00,32,92,0.348,15,53,0.283,16,22,0.727,11,50,61,23,6,2,26,19,95,-19.0
22400091,1610612760,Oklahoma City,Thunder,OKC,thunder,240:00,45,107,0.421,8,40,0.2,16,20,0.8,9,45,54,21,15,5,10,18,114,19.0
22400094,1610612759,San Antonio,Spurs,SAS,spurs,240:00,39,79,0.494,8,20,0.4,23,28,0.821,10,39,49,23,6,7,17,18,109,3.0
22400094,1610612745,Houston,Rockets,HOU,rockets,240:00,38,92,0.413,13,41,0.317,17,21,0.81,8,26,34,21,10,3,10,24,106,-3.0
22400092,1610612763,Memphis,Grizzlies,MEM,grizzlies,240:00,46,86,0.535,13,34,0.382,19,24,0.792,6,36,42,38,10,5,18,24,124,13.0
22400092,1610612753,Orlando,Magic,ORL,magic,240:00,37,87,0.425,17,48,0.354,20,28,0.714,12,29,41,21,10,6,19,20,111,-13.0
22400093,1610612750,Minnesota,Timberwolves,MIN,timberwolves,240:00,39,83,0.47,14,37,0.378,20,26,0.769,9,32,41,29,9,8,13,16,112,11.0
22400093,1610612761,Toronto,Raptors,TOR,raptors,240:00,41,90,0.456,10,29,0.345,9,13,0.692,12,34,46,29,9,4,20,22,101,-11.0
22400090,1610612764,Washington,Wizards,WAS,wizards,240:00,37,96,0.385,15,43,0.349,27,32,0.844,18,28,46,25,6,9,15,25,116,-19.0
22400090,1610612739,Cleveland,Cavaliers,CLE,cavaliers,240:00,47,88,0.534,18,39,0.462,23,34,0.676,11,37,48,27,13,10,16,27,135,19.0
22400089,1610612765,Detroit,Pistons,DET,pistons,240:00,43,88,0.489,14,39,0.359,18,22,0.818,9,35,44,27,4,7,14,22,118,-6.0
22400089,1610612738,Boston,Celtics,BOS,celtics,240:00,38,90,0.422,22,48,0.458,26,30,0.867,13,24,37,19,10,6,10,16,124,6.0
22400100,1610612760,Oklahoma City,Thunder,OKC,thunder,240:00,44,89,0.494,16,40,0.4,24,32,0.75,11,34,45,26,13,12,10,23,128,24.0
22400100,1610612737,Atlanta,Hawks,ATL,hawks,240:00,36,91,0.396,10,31,0.323,22,29,0.759,17,32,49,24,7,4,19,23,104,-24.0
22400101,1610612744,Golden State,Warriors,GSW,warriors,240:00,38,88,0.432,14,43,0.326,14,22,0.636,14,33,47,19,10,5,21,22,104,-8.0
22400101,1610612746,LA,Clippers,LAC,clippers,240:00,42,90,0.467,10,32,0.313,18,23,0.783,14,34,48,27,11,2,18,21,112,8.0
22400099,1610612757,Portland,Trail Blazers,POR,blazers,240:00,43,93,0.462,14,35,0.4,25,32,0.781,22,29,51,25,9,8,16,21,125,22.0
22400099,1610612740,New Orleans,Pelicans,NOP,pelicans,240:00,38,88,0.432,8,29,0.276,19,24,0.792,15,24,39,24,9,8,15,22,103,-22.0
22400097,1610612754,Indiana,Pacers,IND,pacers,265:00,39,84,0.464,13,32,0.406,23,34,0.676,7,30,37,28,8,4,19,26,114,-4.0
22400097,1610612755,Philadelphia,76ers,PHI,sixers,265:00,42,98,0.429,11,42,0.262,23,31,0.742,20,34,54,15,9,4,19,26,118,4.0
22400098,1610612751,Brooklyn,Nets,BKN,nets,240:00,39,91,0.429,16,45,0.356,21,23,0.913,12,35,47,23,9,3,12,26,115,13.0
22400098,1610612749,Milwaukee,Bucks,MIL,bucks,240:00,33,74,0.446,10,33,0.303,26,31,0.839,7,36,43,20,7,3,18,17,102,-13.0
22400111,1610612756,Phoenix,Suns,PHX,suns,240:00,40,87,0.46,11,36,0.306,18,20,0.9,9,37,46,21,7,11,10,22,109,4.0
22400111,1610612747,Los Angeles,Lakers,LAL,lakers,240:00,39,94,0.415,14,32,0.438,13,18,0.722,11,35,46,25,5,6,11,19,105,-4.0
22400109,1610612759,San Antonio,Spurs,SAS,spurs,240:00,37,87,0.425,10,33,0.303,17,21,0.81,17,32,49,22,6,6,17,21,101,-5.0
22400109,1610612745,Houston,Rockets,HOU,rockets,240:00,35,85,0.412,15,37,0.405,21,24,0.875,13,30,43,20,6,2,12,23,106,5.0
22400110,1610612742,Dallas,Mavericks,DAL,mavericks,240:00,43,95,0.453,11,39,0.282,13,17,0.765,13,37,50,27,9,12,13,23,110,8.0
22400110,1610612762,Utah,Jazz,UTA,jazz,240:00,34,92,0.37,10,35,0.286,24,29,0.828,15,35,50,24,7,5,13,17,102,-8.0
22400107,1610612761,Toronto,Raptors,TOR,raptors,265:00,49,109,0.45,10,35,0.286,17,21,0.81,18,36,54,30,7,7,15,27,125,-2.0
22400107,1610612743,Denver,Nuggets,DEN,nuggets,265:00,47,96,0.49,9,20,0.45,24,30,0.8,15,37,52,29,6,6,16,20,127,2.0
22400108,1610612763,Memphis,Grizzlies,MEM,grizzlies,240:00,51,111,0.459,14,43,0.326,7,13,0.538,18,42,60,37,5,9,10,21,123,-3.0
22400108,1610612741,Chicago,Bulls,CHI,bulls,240:00,45,100,0.45,25,53,0.472,11,17,0.647,11,39,50,36,5,6,9,15,126,3.0
22400103,1610612737,Atlanta,Hawks,ATL,hawks,240:00,39,81,0.481,15,40,0.375,26,36,0.722,6,33,39,32,12,7,16,22,119,-2.0
22400103,1610612764,Washington,Wizards,WAS,wizards,240:00,41,91,0.451,21,44,0.477,18,22,0.818,9,34,43,24,7,3,18,25,121,2.0
22400106,1610612752,New York,Knicks,NYK,knicks,240:00,40,90,0.444,9,28,0.321,15,18,0.833,13,30,43,22,8,3,16,21,104,-6.0
22400106,1610612739,Cleveland,Cavaliers,CLE,cavaliers,240:00,39,82,0.476,12,36,0.333,20,24,0.833,9,32,41,21,10,5,13,20,110,6.0
22400105,1610612748,Miami,Heat,MIA,heat,240:00,38,88,0.432,15,47,0.319,15,20,0.75,10,34,44,24,14,3,9,14,106,8.0
22400105,1610612765,Detroit,Pistons,DET,pistons,240:00,35,91,0.385,14,38,0.368,14,17,0.824,19,35,54,14,6,6,16,19,98,-8.0
22400104,1610612738,Boston,Celtics,BOS,celtics,240:00,43,87,0.494,18,47,0.383,15,19,0.789,4,34,38,24,5,5,12,18,119,11.0
22400104,1610612749,Milwaukee,Bucks,MIL,bucks,240:00,37,82,0.451,8,31,0.258,26,31,0.839,8,35,43,18,7,6,16,24,108,-11.0
22400102,1610612753,Orlando,Magic,ORL,magic,240:00,39,83,0.47,13,41,0.317,28,38,0.737,11,35,46,26,7,6,15,25,119,4.0
22400102,1610612754,Indiana,Pacers,IND,pacers,240:00,41,88,0.466,13,29,0.448,20,30,0.667,15,29,44,25,7,4,12,28,115,-4.0
22400112,1610612758,Sacramento,Kings,SAC,kings,240:00,37,81,0.457,14,35,0.4,23,25,0.92,9,31,40,25,8,6,14,27,111,13.0
22400112,1610612757,Portland,Trail Blazers,POR,blazers,240:00,35,83,0.422,4,22,0.182,24,30,0.8,12,34,46,17,5,4,17,22,98,-13.0
22400062,1610612747,Los Angeles,Lakers,LAL,lakers,240:00,42,95,0.442,5,30,0.167,21,25,0.84,15,31,46,22,7,8,7,22,110,7.0
22400062,1610612750,Minnesota,Timberwolves,MIN,timberwolves,240:00,35,85,0.412,13,41,0.317,20,27,0.741,12,35,47,17,4,1,15,22,103,-7.0
22400077,1610612753,Orlando,Magic,ORL,magic,240:00,39,75,0.52,15,30,0.5,23,33,0.697,5,34,39,28,10,7,12,19,116,15.0
22400077,1610612751,Brooklyn,Nets,BKN,nets,240:00,35,83,0.422,14,37,0.378,17,21,0.81,8,29,37,22,7,3,17,31,101,-15.0
22400087,1610612743,Denver,Nuggets,DEN,nuggets,240:00,35,87,0.402,14,35,0.4,20,24,0.833,10,27,37,20,13,4,10,22,104,-5.0
22400087,1610612746,LA,Clippers,LAC,clippers,240:00,40,82,0.488,12,33,0.364,17,21,0.81,11,33,44,30,4,5,16,24,109,5.0
22400116,1610612744,Golden State,Warriors,GSW,warriors,240:00,46,97,0.474,21,46,0.457,11,13,0.846,11,23,34,34,15,9,7,20,124,18.0
22400116,1610612740,New Orleans,Pelicans,NOP,pelicans,240:00,40,74,0.541,9,22,0.409,17,24,0.708,9,35,44,23,4,6,23,13,106,-18.0
22400115,1610612762,Utah,Jazz,UTA,jazz,240:00,35,89,0.393,14,48,0.292,12,14,0.857,12,30,42,24,7,4,17,16,96,-17.0
22400115,1610612758,Sacramento,Kings,SAC,kings,240:00,48,92,0.522,8,31,0.258,9,14,0.643,9,40,49,26,9,9,11,19,113,17.0
22400113,1610612751,Brooklyn,Nets,BKN,nets,265:00,49,96,0.51,20,52,0.385,21,27,0.778,7,34,41,37,4,6,8,32,139,-5.0
22400113,1610612743,Denver,Nuggets,DEN,nuggets,265:00,46,89,0.517,13,27,0.481,39,47,0.83,9,34,43,31,3,4,5,22,144,5.0
22400114,1610612750,Minnesota,Timberwolves,MIN,timberwolves,240:00,39,77,0.506,19,39,0.487,17,26,0.654,11,31,42,33,5,2,20,20,114,-6.0
22400114,1610612742,Dallas,Mavericks,DAL,mavericks,240:00,45,93,0.484,16,39,0.41,14,18,0.778,12,28,40,25,12,2,9,21,120,6.0
22400120,1610612755,Philadelphia,76ers,PHI,sixers,240:00,33,79,0.418,8,28,0.286,21,28,0.75,8,29,37,17,7,4,9,21,95,-10.0
22400120,1610612765,Detroit,Pistons,DET,pistons,240:00,36,78,0.462,15,36,0.417,18,22,0.818,12,37,49,23,4,5,16,25,105,10.0
22400117,1610612766,Charlotte,Hornets,CHA,hornets,240:00,49,94,0.521,20,45,0.444,20,25,0.8,14,24,38,31,9,8,15,24,138,5.0
22400117,1610612761,Toronto,Raptors,TOR,raptors,240:00,52,91,0.571,9,28,0.321,20,30,0.667,13,28,41,37,9,5,14,25,133,-5.0
22400119,1610612754,Indiana,Pacers,IND,pacers,265:00,50,104,0.481,15,38,0.395,20,24,0.833,16,41,57,33,10,5,18,26,135,3.0
22400119,1610612738,Boston,Celtics,BOS,celtics,265:00,44,109,0.404,19,57,0.333,25,31,0.806,18,33,51,23,11,5,14,19,132,-3.0
22400122,1610612748,Miami,Heat,MIA,heat,240:00,37,81,0.457,17,40,0.425,16,24,0.667,7,32,39,27,6,3,10,17,107,-9.0
22400122,1610612752,New York,Knicks,NYK,knicks,240:00,40,82,0.488,18,40,0.45,18,20,0.9,7,35,42,30,8,4,9,16,116,9.0
22400118,1610612739,Cleveland,Cavaliers,CLE,cavaliers,240:00,56,97,0.577,17,41,0.415,5,8,0.625,6,30,36,37,14,2,12,26,134,24.0
22400118,1610612747,Los Angeles,Lakers,LAL,lakers,240:00,38,77,0.494,6,28,0.214,28,33,0.848,5,32,37,21,6,0,20,7,110,-24.0
22400121,1610612764,Washington,Wizards,WAS,wizards,240:00,47,88,0.534,16,38,0.421,23,25,0.92,6,31,37,32,10,5,14,21,133,13.0
22400121,1610612737,Atlanta,Hawks,ATL,hawks,240:00,45,95,0.474,12,39,0.308,18,21,0.857,12,29,41,28,10,2,15,19,120,-13.0
22400123,1610612741,Chicago,Bulls,CHI,bulls,240:00,36,84,0.429,13,34,0.382,17,25,0.68,9,45,54,23,6,2,14,16,102,3.0
22400123,1610612753,Orlando,Magic,ORL,magic,240:00,35,86,0.407,11,46,0.239,18,20,0.9,6,36,42,25,9,8,12,19,99,-3.0
22400125,1610612760,Oklahoma City,Thunder,OKC,thunder,240:00,41,89,0.461,17,41,0.415,6,8,0.75,5,34,39,28,18,6,10,15,105,12.0
22400125,1610612759,San Antonio,Spurs,SAS,spurs,240:00,35,85,0.412,12,36,0.333,11,13,0.846,13,39,52,22,6,6,22,8,93,-12.0
22400126,1610612744,Golden State,Warriors,GSW,warriors,240:00,41,87,0.471,13,38,0.342,9,13,0.692,13,29,42,32,5,9,13,22,104,15.0
22400126,1610612740,New Orleans,Pelicans,NOP,pelicans,240:00,33,90,0.367,11,36,0.306,12,20,0.6,18,31,49,24,7,6,14,17,89,-15.0
22400127,1610612746,LA,Clippers,LAC,clippers,240:00,41,90,0.456,13,36,0.361,10,18,0.556,13,36,49,26,10,5,13,19,105,-1.0
22400127,1610612757,Portland,Trail Blazers,POR,blazers,240:00,41,92,0.446,14,33,0.424,10,12,0.833,12,35,47,19,9,6,12,18,106,1.0
22400124,1610612763,Memphis,Grizzlies,MEM,grizzlies,240:00,38,81,0.469,8,27,0.296,22,29,0.759,12,26,38,27,9,3,22,21,106,-13.0
22400124,1610612751,Brooklyn,Nets,BKN,nets,240:00,41,80,0.512,15,41,0.366,22,25,0.88,8,26,34,27,10,2,15,25,119,13.0
22400129,1610612742,Dallas,Mavericks,DAL,mavericks,240:00,39,85,0.459,10,30,0.333,14,20,0.7,10,27,37,21,6,7,10,27,102,-6.0
22400129,1610612745,Houston,Rockets,HOU,rockets,240:00,40,97,0.412,8,34,0.235,20,27,0.741,18,32,50,21,4,4,8,20,108,6.0
22400128,1610612763,Memphis,Grizzlies,MEM,grizzlies,240:00,43,82,0.524,8,28,0.286,28,31,0.903,7,49,56,26,6,3,16,21,122,23.0
22400128,1610612749,Milwaukee,Bucks,MIL,bucks,240:00,41,96,0.427,9,42,0.214,8,19,0.421,9,29,38,20,10,4,10,27,99,-23.0
22400131,1610612746,LA,Clippers,LAC,clippers,240:00,45,93,0.484,12,35,0.343,17,21,0.81,15,33,48,27,8,8,14,22,119,-6.0
22400131,1610612756,Phoenix,Suns,PHX,suns,240:00,42,82,0.512,18,39,0.462,23,28,0.821,8,31,39,29,12,4,12,20,125,6.0
22400130,1610612762,Utah,Jazz,UTA,jazz,240:00,32,82,0.39,7,32,0.219,17,19,0.895,15,38,53,19,6,6,26,19,88,-18.0
22400130,1610612759,San Antonio,Spurs,SAS,spurs,240:00,38,92,0.413,12,43,0.279,18,23,0.783,11,31,42,25,17,7,11,17,106,18.0
22400139,1610612750,Minnesota,Timberwolves,MIN,timberwolves,240:00,43,83,0.518,18,42,0.429,15,18,0.833,8,30,38,34,8,9,16,22,119,3.0
22400139,1610612743,Denver,Nuggets,DEN,nuggets,240:00,41,92,0.446,11,32,0.344,23,29,0.793,17,29,46,30,11,2,13,18,116,-3.0
22400140,1610612757,Portland,Trail Blazers,POR,blazers,240:00,39,83,0.47,15,35,0.429,21,31,0.677,11,25,36,27,8,5,19,17,114,-23.0
22400140,1610612760,Oklahoma City,Thunder,OKC,thunder,240:00,51,95,0.537,19,49,0.388,16,19,0.842,14,31,45,31,14,9,13,29,137,23.0
22400137,1610612761,Toronto,Raptors,TOR,raptors,240:00,52,107,0.486,10,35,0.286,11,13,0.846,15,29,44,35,4,6,11,29,125,-6.0
22400137,1610612747,Los Angeles,Lakers,LAL,lakers,240:00,42,88,0.477,11,32,0.344,36,41,0.878,9,34,43,29,6,5,10,17,131,6.0
22400135,1610612737,Atlanta,Hawks,ATL,hawks,240:00,41,92,0.446,19,50,0.38,14,18,0.778,8,32,40,30,8,4,13,22,115,-8.0
22400135,1610612758,Sacramento,Kings,SAC,kings,240:00,43,89,0.483,11,33,0.333,26,30,0.867,10,41,51,28,9,4,14,21,123,8.0
22400132,1610612766,Charlotte,Hornets,CHA,hornets,240:00,42,91,0.462,19,48,0.396,6,12,0.5,12,30,42,20,5,5,14,26,109,-15.0
22400132,1610612738,Boston,Celtics,BOS,celtics,240:00,41,86,0.477,13,42,0.31,29,35,0.829,11,30,41,21,12,5,10,13,124,15.0
22400138,1610612740,New Orleans,Pelicans,NOP,pelicans,240:00,49,101,0.485,12,31,0.387,15,19,0.789,15,31,46,28,8,4,6,15,125,7.0
22400138,1610612754,Indiana,Pacers,IND,pacers,240:00,46,89,0.517,16,38,0.421,10,13,0.769,6,33,39,35,3,3,14,21,118,-7.0
22400133,1610612739,Cleveland,Cavaliers,CLE,cavaliers,240:00,44,87,0.506,15,38,0.395,17,20,0.85,7,42,49,25,6,4,12,21,120,11.0
22400133,1610612753,Orlando,Magic,ORL,magic,240:00,41,90,0.456,11,33,0.333,16,24,0.667,7,32,39,26,10,4,14,17,109,-11.0
22400136,1610612751,Brooklyn,Nets,BKN,nets,240:00,49,94,0.521,11,36,0.306,11,13,0.846,9,37,46,34,11,6,10,20,120,8.0
22400136,1610612741,Chicago,Bulls,CHI,bulls,240:00,38,88,0.432,17,44,0.386,19,24,0.792,10,34,44,24,5,3,16,15,112,-8.0
22400134,1610612765,Detroit,Pistons,DET,pistons,240:00,41,81,0.506,11,34,0.324,5,7,0.714,6,32,38,23,6,9,22,12,98,-30.0
22400134,1610612752,New York,Knicks,NYK,knicks,240:00,52,101,0.515,18,38,0.474,6,10,0.6,12,33,45,31,16,3,9,14,128,30.0
22400146,1610612759,San Antonio,Spurs,SAS,spurs,240:00,43,83,0.518,13,42,0.31,14,17,0.824,7,37,44,32,6,5,11,16,113,10.0
22400146,1610612750,Minnesota,Timberwolves,MIN,timberwolves,240:00,39,82,0.476,11,37,0.297,14,20,0.7,6,26,32,21,7,2,12,16,103,-10.0
22400145,1610612749,Milwaukee,Bucks,MIL,bucks,240:00,43,89,0.483,18,39,0.462,9,15,0.6,10,35,45,24,3,3,13,23,113,-1.0
22400145,1610612739,Cleveland,Cavaliers,CLE,cavaliers,240:00,44,91,0.484,15,38,0.395,11,15,0.733,10,35,45,31,3,2,7,20,114,1.0
22400143,1610612761,Toronto,Raptors,TOR,raptors,265:00,46,95,0.484,17,37,0.459,22,31,0.71,12,34,46,31,13,3,19,25,131,3.0
22400143,1610612758,Sacramento,Kings,SAC,kings,265:00,46,100,0.46,10,40,0.25,26,32,0.813,15,34,49,21,16,3,18,22,128,-3.0
22400149,1610612756,Phoenix,Suns,PHX,suns,240:00,35,93,0.376,17,52,0.327,16,22,0.727,13,50,63,29,4,8,12,10,103,6.0
22400149,1610612757,Portland,Trail Blazers,POR,blazers,240:00,37,111,0.333,14,43,0.326,9,11,0.818,14,42,56,17,10,5,6,18,97,-6.0
22400144,1610612745,Houston,Rockets,HOU,rockets,265:00,44,107,0.411,15,45,0.333,18,24,0.75,18,31,49,27,10,6,11,32,121,-6.0
22400144,1610612744,Golden State,Warriors,GSW,warriors,265:00,40,78,0.513,15,32,0.469,32,50,0.64,9,38,47,26,5,4,14,22,127,6.0
22400150,1610612746,LA,Clippers,LAC,clippers,240:00,32,79,0.405,11,35,0.314,17,26,0.654,10,40,50,23,10,7,20,17,92,-13.0
22400150,1610612760,Oklahoma City,Thunder,OKC,thunder,240:00,36,84,0.429,16,39,0.41,17,19,0.895,3,38,41,25,11,3,12,22,105,13.0
22400148,1610612743,Denver,Nuggets,DEN,nuggets,240:00,48,99,0.485,16,32,0.5,17,23,0.739,19,33,52,33,14,1,17,25,129,26.0
22400148,1610612762,Utah,Jazz,UTA,jazz,240:00,32,77,0.416,13,42,0.31,26,31,0.839,8,31,39,24,7,8,22,22,103,-26.0
22400142,1610612755,Philadelphia,76ers,PHI,sixers,240:00,36,89,0.404,19,46,0.413,16,20,0.8,8,25,33,22,11,5,14,19,107,-17.0
22400142,1610612763,Memphis,Grizzlies,MEM,grizzlies,240:00,48,87,0.552,12,27,0.444,16,21,0.762,11,41,52,35,9,6,16,22,124,17.0
22400141,1610612766,Charlotte,Hornets,CHA,hornets,240:00,40,91,0.44,17,42,0.405,6,9,0.667,7,27,34,24,10,1,13,25,103,-10.0
22400141,1610612738,Boston,Celtics,BOS,celtics,240:00,36,82,0.439,16,52,0.308,25,28,0.893,8,36,44,23,4,4,15,17,113,10.0
22400153,1610612742,Dallas,Mavericks,DAL,mavericks,240:00,42,85,0.494,10,32,0.313,14,23,0.609,12,41,53,25,8,5,18,22,108,23.0
22400153,1610612753,Orlando,Magic,ORL,magic,240:00,31,93,0.333,8,41,0.195,15,19,0.789,13,30,43,19,8,4,14,22,85,-23.0
22400151,1610612751,Brooklyn,Nets,BKN,nets,240:00,32,71,0.451,9,31,0.29,19,31,0.613,4,23,27,23,9,3,13,24,92,-14.0
22400151,1610612765,Detroit,Pistons,DET,pistons,240:00,37,77,0.481,11,36,0.306,21,26,0.808,9,38,47,25,4,6,17,25,106,14.0
22400152,1610612740,New Orleans,Pelicans,NOP,pelicans,240:00,39,90,0.433,16,38,0.421,17,20,0.85,18,25,43,22,6,3,18,16,111,-15.0
22400152,1610612737,Atlanta,Hawks,ATL,hawks,240:00,50,88,0.568,15,36,0.417,11,12,0.917,10,31,41,29,10,3,16,17,126,15.0
22400165,1610612742,Dallas,Mavericks,DAL,mavericks,240:00,46,89,0.517,15,36,0.417,20,25,0.8,5,33,38,29,4,3,8,18,127,-7.0
22400165,1610612754,Indiana,Pacers,IND,pacers,240:00,54,95,0.568,13,32,0.406,13,20,0.65,7,39,46,30,5,3,9,16,134,7.0
22400166,1610612743,Denver,Nuggets,DEN,nuggets,240:00,41,83,0.494,10,31,0.323,29,38,0.763,14,30,44,29,9,10,17,21,121,2.0
22400166,1610612761,Toronto,Raptors,TOR,raptors,240:00,47,103,0.456,13,39,0.333,12,18,0.667,14,27,41,38,12,3,13,27,119,-2.0
22400167,1610612756,Phoenix,Suns,PHX,suns,240:00,42,82,0.512,11,32,0.344,23,26,0.885,9,34,43,24,6,4,14,16,118,2.0
22400167,1610612755,Philadelphia,76ers,PHI,sixers,240:00,40,87,0.46,20,51,0.392,16,18,0.889,9,29,38,27,10,4,14,22,116,-2.0
22400160,1610612741,Chicago,Bulls,CHI,bulls,240:00,45,95,0.474,14,37,0.378,22,25,0.88,10,26,36,36,7,7,9,23,126,-9.0
22400160,1610612762,Utah,Jazz,UTA,jazz,240:00,48,89,0.539,16,36,0.444,23,30,0.767,12,37,49,35,3,6,12,18,135,9.0
22400159,1610612748,Miami,Heat,MIA,heat,240:00,37,85,0.435,15,36,0.417,21,30,0.7,8,28,36,24,9,6,10,15,110,-1.0
22400159,1610612758,Sacramento,Kings,SAC,kings,240:00,44,86,0.512,10,27,0.37,13,15,0.867,11,28,39,23,5,4,12,28,111,1.0
22400157,1610612737,Atlanta,Hawks,ATL,hawks,240:00,37,89,0.416,6,31,0.194,13,16,0.813,8,35,43,23,9,3,19,13,93,-30.0
22400157,1610612738,Boston,Celtics,BOS,celtics,240:00,48,99,0.485,18,55,0.327,9,13,0.692,11,39,50,27,15,7,12,14,123,30.0
22400154,1610612739,Cleveland,Cavaliers,CLE,cavaliers,240:00,46,91,0.505,17,37,0.459,7,13,0.538,5,34,39,28,10,4,10,15,116,2.0
22400154,1610612749,Milwaukee,Bucks,MIL,bucks,240:00,42,86,0.488,17,35,0.486,13,15,0.867,7,42,49,21,6,6,14,15,114,-2.0
22400162,1610612750,Minnesota,Timberwolves,MIN,timberwolves,240:00,39,79,0.494,18,38,0.474,18,26,0.692,9,36,45,23,7,8,15,19,114,21.0
22400162,1610612766,Charlotte,Hornets,CHA,hornets,240:00,35,88,0.398,10,42,0.238,13,16,0.813,9,29,38,19,10,1,14,22,93,-21.0
22400168,1610612746,LA,Clippers,LAC,clippers,240:00,41,90,0.456,19,37,0.514,12,17,0.706,16,28,44,25,6,7,10,21,113,9.0
22400168,1610612759,San Antonio,Spurs,SAS,spurs,240:00,38,86,0.442,11,41,0.268,17,19,0.895,12,33,45,22,9,10,10,16,104,-9.0
22400164,1610612740,New Orleans,Pelicans,NOP,pelicans,240:00,38,84,0.452,10,35,0.286,14,16,0.875,10,24,34,24,5,3,12,20,100,-18.0
22400164,1610612757,Portland,Trail Blazers,POR,blazers,240:00,46,84,0.548,10,29,0.345,16,24,0.667,11,27,38,21,10,5,11,15,118,18.0
22400156,1610612765,Detroit,Pistons,DET,pistons,240:00,45,96,0.469,8,34,0.235,17,22,0.773,17,38,55,22,6,5,12,25,115,12.0
22400156,1610612747,Los Angeles,Lakers,LAL,lakers,240:00,37,85,0.435,9,25,0.36,20,27,0.741,7,30,37,28,8,1,13,16,103,-12.0
22400161,1610612745,Houston,Rockets,HOU,rockets,240:00,43,88,0.489,8,33,0.242,15,18,0.833,11,39,50,21,4,6,10,20,109,12.0
22400161,1610612752,New York,Knicks,NYK,knicks,240:00,34,88,0.386,11,28,0.393,18,21,0.857,13,26,39,20,6,4,10,18,97,-12.0
22400163,1610612760,Oklahoma City,Thunder,OKC,thunder,240:00,39,85,0.459,12,31,0.387,12,16,0.75,5,37,42,23,12,4,15,21,102,16.0
22400163,1610612753,Orlando,Magic,ORL,magic,240:00,29,82,0.354,5,34,0.147,23,27,0.852,7,34,41,20,12,5,18,16,86,-16.0
22400158,1610612751,Brooklyn,Nets,BKN,nets,240:00,40,84,0.476,13,36,0.361,13,18,0.722,12,25,37,28,7,1,13,22,106,2.0
22400158,1610612763,Memphis,Grizzlies,MEM,grizzlies,240:00,43,91,0.473,8,30,0.267,10,13,0.769,13,31,44,29,5,8,14,16,104,-2.0
22400155,1610612764,Washington,Wizards,WAS,wizards,240:00,42,96,0.438,10,43,0.233,18,21,0.857,8,39,47,29,4,8,9,23,112,-13.0
22400155,1610612744,Golden State,Warriors,GSW,warriors,240:00,44,97,0.454,12,37,0.324,25,34,0.735,16,40,56,29,5,7,6,20,125,13.0
22400169,1610612766,Charlotte,Hornets,CHA,hornets,240:00,39,90,0.433,14,44,0.318,16,16,1.0,8,39,47,22,5,4,12,16,108,1.0
22400169,1610612765,Detroit,Pistons,DET,pistons,240:00,46,94,0.489,10,32,0.313,5,9,0.556,6,40,46,34,5,4,10,20,107,-1.0
22400175,1610612740,New Orleans,Pelicans,NOP,pelicans,240:00,42,88,0.477,13,27,0.481,25,28,0.893,8,25,33,21,8,8,9,14,122,-9.0
22400175,1610612739,Cleveland,Cavaliers,CLE,cavaliers,240:00,52,96,0.542,17,35,0.486,10,13,0.769,12,34,46,33,6,10,11,21,131,9.0
22400172,1610612738,Boston,Celtics,BOS,celtics,240:00,38,90,0.422,19,54,0.352,17,21,0.81,13,34,47,22,5,3,12,18,112,-6.0
22400172,1610612744,Golden State,Warriors,GSW,warriors,240:00,42,91,0.462,14,34,0.412,20,24,0.833,15,38,53,22,6,5,11,19,118,6.0
22400174,1610612763,Memphis,Grizzlies,MEM,grizzlies,240:00,48,93,0.516,17,34,0.5,18,23,0.783,12,38,50,28,5,6,18,17,131,17.0
22400174,1610612747,Los Angeles,Lakers,LAL,lakers,240:00,41,93,0.441,15,48,0.313,17,21,0.81,9,28,37,23,10,1,11,18,114,-17.0
22400176,1610612742,Dallas,Mavericks,DAL,mavericks,240:00,45,93,0.484,12,38,0.316,17,21,0.81,9,38,47,33,11,4,15,19,119,20.0
22400176,1610612741,Chicago,Bulls,CHI,bulls,240:00,36,86,0.419,12,42,0.286,15,23,0.652,14,37,51,25,8,2,22,17,99,-20.0
22400173,1610612745,Houston,Rockets,HOU,rockets,240:00,54,96,0.563,10,27,0.37,9,15,0.6,11,34,45,28,10,5,11,13,127,27.0
22400173,1610612759,San Antonio,Spurs,SAS,spurs,240:00,37,83,0.446,14,36,0.389,12,16,0.75,8,33,41,20,6,6,19,13,100,-27.0
22400178,1610612756,Phoenix,Suns,PHX,suns,240:00,42,84,0.5,18,43,0.419,13,18,0.722,10,36,46,29,5,6,16,14,115,3.0
22400178,1610612748,Miami,Heat,MIA,heat,240:00,40,92,0.435,13,34,0.382,19,20,0.95,13,30,43,27,12,3,10,16,112,-3.0
22400179,1610612746,LA,Clippers,LAC,clippers,240:00,41,72,0.569,12,28,0.429,16,19,0.842,8,21,29,27,12,1,17,16,110,12.0
22400179,1610612755,Philadelphia,76ers,PHI,sixers,240:00,40,73,0.548,7,25,0.28,11,19,0.579,10,22,32,19,10,2,20,22,98,-12.0
22400180,1610612758,Sacramento,Kings,SAC,kings,240:00,42,90,0.467,10,35,0.286,28,32,0.875,15,32,47,26,7,5,9,13,122,15.0
22400180,1610612761,Toronto,Raptors,TOR,raptors,240:00,43,88,0.489,10,34,0.294,11,15,0.733,8,26,34,25,7,1,11,23,107,-15.0
22400177,1610612743,Denver,Nuggets,DEN,nuggets,240:00,42,89,0.472,16,38,0.421,24,33,0.727,13,42,55,34,8,6,18,22,124,2.0
22400177,1610612760,Oklahoma City,Thunder,OKC,thunder,240:00,44,100,0.44,16,40,0.4,18,23,0.783,13,34,47,29,15,6,14,28,122,-2.0
22400170,1610612754,Indiana,Pacers,IND,pacers,240:00,41,76,0.539,12,26,0.462,24,26,0.923,4,32,36,21,7,3,11,24,118,7.0
22400170,1610612753,Orlando,Magic,ORL,magic,240:00,42,82,0.512,7,25,0.28,20,26,0.769,10,28,38,26,6,5,16,22,111,-7.0
22400171,1610612737,Atlanta,Hawks,ATL,hawks,240:00,45,100,0.45,15,38,0.395,16,22,0.727,16,32,48,31,12,4,8,14,121,5.0
22400171,1610612752,New York,Knicks,NYK,knicks,240:00,41,84,0.488,22,47,0.468,12,15,0.8,7,34,41,29,5,5,15,18,116,-5.0
22400183,1610612759,San Antonio,Spurs,SAS,spurs,240:00,44,82,0.537,16,39,0.41,14,18,0.778,12,33,45,35,9,4,15,15,118,13.0
22400183,1610612757,Portland,Trail Blazers,POR,blazers,240:00,41,86,0.477,9,32,0.281,14,22,0.636,14,27,41,23,7,3,14,14,105,-13.0
22400182,1610612749,Milwaukee,Bucks,MIL,bucks,240:00,43,84,0.512,15,35,0.429,22,30,0.733,11,30,41,20,13,3,10,21,123,23.0
22400182,1610612762,Utah,Jazz,UTA,jazz,240:00,33,77,0.429,17,41,0.415,17,18,0.944,8,31,39,24,5,5,21,19,100,-23.0
22400181,1610612741,Chicago,Bulls,CHI,bulls,240:00,47,88,0.534,15,36,0.417,10,15,0.667,10,22,32,30,9,4,13,20,119,-16.0
22400181,1610612750,Minnesota,Timberwolves,MIN,timberwolves,240:00,51,93,0.548,16,38,0.421,17,17,1.0,10,30,40,29,7,4,13,17,135,16.0
22400192,1610612760,Oklahoma City,Thunder,OKC,thunder,240:00,46,90,0.511,14,37,0.378,20,23,0.87,7,34,41,24,9,8,10,23,126,19.0
22400192,1610612745,Houston,Rockets,HOU,rockets,240:00,39,90,0.433,11,30,0.367,18,26,0.692,14,34,48,19,7,3,17,18,107,-19.0
22400184,1610612766,Charlotte,Hornets,CHA,hornets,240:00,38,90,0.422,17,50,0.34,10,12,0.833,13,43,56,23,6,7,14,16,103,20.0
22400184,1610612754,Indiana,Pacers,IND,pacers,240:00,33,83,0.398,9,29,0.31,8,14,0.571,7,30,37,24,10,4,12,16,83,-20.0
22400191,1610612763,Memphis,Grizzlies,MEM,grizzlies,240:00,46,97,0.474,14,43,0.326,22,25,0.88,13,37,50,30,10,10,17,19,128,24.0
22400191,1610612764,Washington,Wizards,WAS,wizards,240:00,38,93,0.409,9,35,0.257,19,23,0.826,11,30,41,27,14,8,18,27,104,-24.0
22400187,1610612738,Boston,Celtics,BOS,celtics,265:00,39,90,0.433,14,53,0.264,16,19,0.842,4,35,39,23,7,9,13,15,108,4.0
22400187,1610612751,Brooklyn,Nets,BKN,nets,265:00,41,100,0.41,10,38,0.263,12,15,0.8,12,39,51,24,6,3,12,22,104,-4.0
22400189,1610612752,New York,Knicks,NYK,knicks,240:00,43,91,0.473,14,46,0.304,16,19,0.842,14,34,48,35,7,3,7,20,116,22.0
22400189,1610612749,Milwaukee,Bucks,MIL,bucks,240:00,36,83,0.434,7,30,0.233,15,23,0.652,11,30,41,20,1,5,12,16,94,-22.0
22400190,1610612742,Dallas,Mavericks,DAL,mavericks,240:00,41,80,0.512,11,33,0.333,20,22,0.909,8,31,39,18,5,1,11,22,113,-1.0
22400190,1610612756,Phoenix,Suns,PHX,suns,240:00,43,86,0.5,15,39,0.385,13,18,0.722,11,26,37,26,6,2,8,18,114,1.0
22400188,1610612739,Cleveland,Cavaliers,CLE,cavaliers,240:00,46,85,0.541,20,42,0.476,24,28,0.857,9,34,43,33,7,7,19,12,136,19.0
22400188,1610612744,Golden State,Warriors,GSW,warriors,240:00,47,98,0.48,13,42,0.31,10,14,0.714,11,29,40,32,14,4,17,24,117,-19.0
22400185,1610612765,Detroit,Pistons,DET,pistons,240:00,44,86,0.512,13,33,0.394,21,31,0.677,11,34,45,27,7,8,20,18,122,1.0
22400185,1610612737,Atlanta,Hawks,ATL,hawks,240:00,44,97,0.454,15,36,0.417,18,23,0.783,15,29,44,30,12,6,17,21,121,-1.0
22400186,1610612753,Orlando,Magic,ORL,magic,240:00,45,86,0.523,8,32,0.25,17,21,0.81,11,32,43,28,9,8,13,14,115,27.0
22400186,1610612740,New Orleans,Pelicans,NOP,pelicans,240:00,32,84,0.381,10,31,0.323,14,17,0.824,6,25,31,18,10,1,15,19,88,-27.0
22400194,1610612743,Denver,Nuggets,DEN,nuggets,240:00,50,81,0.617,18,35,0.514,17,19,0.895,6,33,39,37,5,5,17,13,135,13.0
22400194,1610612748,Miami,Heat,MIA,heat,240:00,46,94,0.489,20,43,0.465,10,13,0.769,9,24,33,33,11,1,11,19,122,-13.0
22400195,1610612747,Los Angeles,Lakers,LAL,lakers,240:00,44,85,0.518,16,35,0.457,12,14,0.857,5,40,45,28,1,13,11,17,116,10.0
22400195,1610612755,Philadelphia,76ers,PHI,sixers,240:00,39,96,0.406,13,39,0.333,15,23,0.652,13,31,44,28,6,4,5,14,106,-10.0
22400193,1610612750,Minnesota,Timberwolves,MIN,timberwolves,240:00,47,97,0.485,22,50,0.44,11,14,0.786,10,39,49,32,9,7,17,21,127,25.0
22400193,1610612757,Portland,Trail Blazers,POR,blazers,240:00,39,91,0.429,6,25,0.24,18,24,0.75,12,25,37,13,11,7,16,17,102,-25.0
22400196,1610612758,Sacramento,Kings,SAC,kings,240:00,37,78,0.474,3,26,0.115,21,24,0.875,5,30,35,19,6,3,13,19,98,-9.0
22400196,1610612746,LA,Clippers,LAC,clippers,240:00,36,81,0.444,14,30,0.467,21,23,0.913,12,36,48,20,7,2,18,21,107,9.0
22400197,1610612759,San Antonio,Spurs,SAS,spurs,240:00,38,85,0.447,17,47,0.362,17,19,0.895,6,31,37,29,8,10,20,26,110,-1.0
22400197,1610612762,Utah,Jazz,UTA,jazz,240:00,38,82,0.463,10,33,0.303,25,35,0.714,9,36,45,23,13,4,17,20,111,1.0
22400199,1610612739,Cleveland,Cavaliers,CLE,cavaliers,240:00,40,74,0.541,10,28,0.357,15,19,0.789,4,29,33,24,12,5,14,18,105,5.0
22400199,1610612751,Brooklyn,Nets,BKN,nets,240:00,34,76,0.447,15,43,0.349,17,18,0.944,10,26,36,21,4,2,17,14,100,-5.0
22400198,1610612737,Atlanta,Hawks,ATL,hawks,240:00,41,89,0.461,9,29,0.31,22,30,0.733,10,29,39,31,8,5,13,19,113,-12.0
22400198,1610612741,Chicago,Bulls,CHI,bulls,240:00,46,92,0.5,13,39,0.333,20,23,0.87,13,34,47,30,12,6,17,18,125,12.0
22400200,1610612746,LA,Clippers,LAC,clippers,240:00,35,76,0.461,10,26,0.385,25,32,0.781,7,40,47,18,6,8,12,20,105,2.0
22400200,1610612761,Toronto,Raptors,TOR,raptors,240:00,40,95,0.421,11,37,0.297,12,21,0.571,12,32,44,26,8,5,10,23,103,-2.0
22400211,1610612747,Los Angeles,Lakers,LAL,lakers,240:00,44,86,0.512,12,37,0.324,23,28,0.821,10,23,33,30,9,4,5,15,123,20.0
22400211,1610612761,Toronto,Raptors,TOR,raptors,240:00,37,82,0.451,10,29,0.345,19,22,0.864,12,28,40,26,2,2,16,23,103,-20.0
22400203,1610612754,Indiana,Pacers,IND,pacers,240:00,45,88,0.511,21,46,0.457,21,25,0.84,5,27,32,27,6,4,6,22,132,11.0
22400203,1610612752,New York,Knicks,NYK,knicks,240:00,46,83,0.554,7,25,0.28,22,27,0.815,8,31,39,23,5,3,13,20,121,-11.0
22400207,1610612760,Oklahoma City,Thunder,OKC,thunder,240:00,42,94,0.447,11,33,0.333,21,26,0.808,14,27,41,25,4,6,11,18,116,-11.0
22400207,1610612744,Golden State,Warriors,GSW,warriors,240:00,45,89,0.506,21,43,0.488,16,23,0.696,13,33,46,35,8,3,14,26,127,11.0
22400206,1610612750,Minnesota,Timberwolves,MIN,timberwolves,240:00,35,88,0.398,13,45,0.289,11,13,0.846,16,31,47,22,13,5,19,20,94,-1.0
22400206,1610612748,Miami,Heat,MIA,heat,240:00,34,77,0.442,11,31,0.355,16,22,0.727,6,37,43,18,14,9,22,20,95,1.0
22400201,1610612765,Detroit,Pistons,DET,pistons,240:00,36,84,0.429,11,34,0.324,16,23,0.696,11,35,46,21,6,6,18,21,99,-2.0
22400201,1610612745,Houston,Rockets,HOU,rockets,240:00,38,93,0.409,7,34,0.206,18,24,0.75,17,36,53,19,10,5,11,21,101,2.0
22400209,1610612756,Phoenix,Suns,PHX,suns,265:00,44,105,0.419,18,57,0.316,12,15,0.8,8,40,48,30,11,3,11,19,118,-9.0
22400209,1610612758,Sacramento,Kings,SAC,kings,265:00,50,102,0.49,11,37,0.297,16,19,0.842,8,49,57,23,7,3,14,20,127,9.0
22400202,1610612749,Milwaukee,Bucks,MIL,bucks,240:00,39,81,0.481,13,32,0.406,16,21,0.762,5,36,41,21,9,8,12,18,107,-6.0
22400202,1610612738,Boston,Celtics,BOS,celtics,240:00,35,86,0.407,19,50,0.38,24,27,0.889,8,34,42,27,5,2,12,16,113,6.0
22400208,1610612743,Denver,Nuggets,DEN,nuggets,240:00,45,89,0.506,14,29,0.483,18,26,0.692,13,32,45,35,6,5,10,16,122,2.0
22400208,1610612742,Dallas,Mavericks,DAL,mavericks,240:00,48,90,0.533,10,33,0.303,14,19,0.737,10,32,42,29,7,5,10,17,120,-2.0
22400205,1610612755,Philadelphia,76ers,PHI,sixers,265:00,39,84,0.464,9,33,0.273,20,26,0.769,8,32,40,24,8,1,17,23,107,2.0
22400205,1610612766,Charlotte,Hornets,CHA,hornets,265:00,36,95,0.379,14,54,0.259,19,22,0.864,12,38,50,22,10,5,19,22,105,-2.0
22400210,1610612757,Portland,Trail Blazers,POR,blazers,240:00,34,100,0.34,4,42,0.095,17,21,0.81,16,27,43,18,9,3,23,21,89,-45.0
22400210,1610612763,Memphis,Grizzlies,MEM,grizzlies,240:00,47,85,0.553,16,43,0.372,24,28,0.857,10,41,51,32,15,13,20,17,134,45.0
22400204,1610612753,Orlando,Magic,ORL,magic,240:00,41,91,0.451,17,48,0.354,22,25,0.88,15,29,44,25,6,5,11,21,121,27.0
22400204,1610612764,Washington,Wizards,WAS,wizards,240:00,33,72,0.458,10,33,0.303,18,25,0.72,7,30,37,20,4,7,16,25,94,-27.0
22400215,1610612760,Oklahoma City,Thunder,OKC,thunder,240:00,47,91,0.516,18,46,0.391,22,23,0.957,9,20,29,31,16,5,11,23,134,6.0
22400215,1610612746,LA,Clippers,LAC,clippers,240:00,44,80,0.55,20,37,0.541,20,29,0.69,15,32,47,31,5,5,23,22,128,-6.0
22400214,1610612740,New Orleans,Pelicans,NOP,pelicans,240:00,42,94,0.447,10,30,0.333,11,12,0.917,14,31,45,31,13,4,10,15,105,-2.0
22400214,1610612751,Brooklyn,Nets,BKN,nets,240:00,36,84,0.429,19,42,0.452,16,19,0.842,14,32,46,24,4,5,16,14,107,2.0
22400212,1610612741,Chicago,Bulls,CHI,bulls,240:00,43,87,0.494,14,38,0.368,13,16,0.813,8,43,51,26,7,5,20,17,113,-6.0
22400212,1610612739,Cleveland,Cavaliers,CLE,cavaliers,240:00,43,97,0.443,15,45,0.333,18,24,0.75,12,31,43,26,14,3,8,13,119,6.0
22400213,1610612745,Houston,Rockets,HOU,rockets,240:00,40,87,0.46,5,23,0.217,22,25,0.88,17,41,58,13,12,10,19,17,107,15.0
22400213,1610612764,Washington,Wizards,WAS,wizards,240:00,36,88,0.409,11,31,0.355,9,13,0.692,8,26,34,21,14,5,18,17,92,-15.0
22400216,1610612759,San Antonio,Spurs,SAS,spurs,240:00,43,85,0.506,22,46,0.478,8,8,1.0,8,36,44,31,5,5,16,10,116,20.0
22400216,1610612758,Sacramento,Kings,SAC,kings,240:00,39,91,0.429,10,38,0.263,8,9,0.889,9,28,37,18,11,4,11,14,96,-20.0
22400001,1610612738,Boston,Celtics,BOS,celtics,240:00,38,75,0.507,18,45,0.4,22,27,0.815,6,28,34,28,7,5,20,12,116,-1.0
22400001,1610612737,Atlanta,Hawks,ATL,hawks,240:00,50,99,0.505,10,32,0.313,7,13,0.538,19,25,44,35,16,2,16,17,117,1.0
22400008,1610612757,Portland,Trail Blazers,POR,blazers,240:00,43,84,0.512,18,32,0.563,18,20,0.9,11,28,39,30,14,7,19,23,122,14.0
22400008,1610612750,Minnesota,Timberwolves,MIN,timberwolves,240:00,37,73,0.507,13,35,0.371,21,23,0.913,4,28,32,22,13,4,21,22,108,-14.0
22400007,1610612744,Golden State,Warriors,GSW,warriors,240:00,45,94,0.479,14,41,0.341,16,27,0.593,18,32,50,29,13,7,12,18,120,3.0
22400007,1610612742,Dallas,Mavericks,DAL,mavericks,240:00,44,84,0.524,11,34,0.324,18,24,0.75,8,32,40,26,6,1,17,23,117,-3.0
22400006,1610612762,Utah,Jazz,UTA,jazz,240:00,45,92,0.489,15,38,0.395,7,9,0.778,12,27,39,32,7,3,10,17,112,-8.0
22400006,1610612756,Phoenix,Suns,PHX,suns,240:00,43,86,0.5,18,39,0.462,16,22,0.727,10,32,42,21,6,11,8,11,120,8.0
22400005,1610612749,Milwaukee,Bucks,MIL,bucks,240:00,38,94,0.404,16,56,0.286,7,12,0.583,12,35,47,25,16,9,16,18,99,14.0
22400005,1610612761,Toronto,Raptors,TOR,raptors,240:00,30,86,0.349,9,25,0.36,16,20,0.8,17,37,54,20,11,6,21,11,85,-14.0
22400004,1610612755,Philadelphia,76ers,PHI,sixers,240:00,31,83,0.373,14,42,0.333,23,24,0.958,9,31,40,19,10,6,13,20,99,-12.0
22400004,1610612752,New York,Knicks,NYK,knicks,240:00,44,89,0.494,9,31,0.29,14,15,0.933,8,39,47,31,8,5,15,15,111,12.0
22400002,1610612765,Detroit,Pistons,DET,pistons,265:00,43,92,0.467,13,36,0.361,24,28,0.857,15,41,56,32,4,4,19,19,123,2.0
22400002,1610612748,Miami,Heat,MIA,heat,265:00,47,101,0.465,17,45,0.378,10,13,0.769,12,31,43,25,14,3,10,22,121,-2.0
22400003,1610612753,Orlando,Magic,ORL,magic,240:00,43,93,0.462,13,44,0.295,15,19,0.789,8,35,43,25,12,7,11,21,114,25.0
22400003,1610612766,Charlotte,Hornets,CHA,hornets,240:00,34,84,0.405,13,38,0.342,8,14,0.571,8,40,48,22,7,3,22,18,89,-25.0
22400218,1610612751,Brooklyn,Nets,BKN,nets,240:00,40,79,0.506,19,43,0.442,15,18,0.833,3,31,34,26,4,3,12,20,114,-25.0
22400218,1610612738,Boston,Celtics,BOS,celtics,240:00,50,93,0.538,22,46,0.478,17,24,0.708,12,33,45,35,7,6,7,17,139,25.0
22400217,1610612753,Orlando,Magic,ORL,magic,240:00,34,84,0.405,13,38,0.342,13,15,0.867,13,37,50,26,8,10,17,19,94,4.0
22400217,1610612754,Indiana,Pacers,IND,pacers,240:00,32,84,0.381,10,30,0.333,16,18,0.889,7,34,41,22,10,6,16,19,90,-4.0
22400220,1610612755,Philadelphia,76ers,PHI,sixers,240:00,41,92,0.446,14,43,0.326,10,11,0.909,12,33,45,24,8,2,11,13,106,-8.0
22400220,1610612739,Cleveland,Cavaliers,CLE,cavaliers,240:00,42,85,0.494,16,40,0.4,14,17,0.824,9,37,46,25,8,1,11,14,114,8.0
22400224,1610612759,San Antonio,Spurs,SAS,spurs,240:00,48,92,0.522,18,44,0.409,25,32,0.781,8,31,39,38,7,7,9,15,139,9.0
22400224,1610612764,Washington,Wizards,WAS,wizards,240:00,49,95,0.516,18,44,0.409,14,16,0.875,11,30,41,27,5,5,18,23,130,-9.0
22400227,1610612758,Sacramento,Kings,SAC,kings,240:00,50,78,0.641,15,28,0.536,12,17,0.706,6,39,45,38,7,8,17,20,127,23.0
22400227,1610612756,Phoenix,Suns,PHX,suns,240:00,36,97,0.371,13,43,0.302,19,26,0.731,19,21,40,23,12,2,10,12,104,-23.0
22400226,1610612757,Portland,Trail Blazers,POR,blazers,240:00,38,83,0.458,9,25,0.36,21,23,0.913,11,36,47,17,10,10,19,18,106,8.0
22400226,1610612750,Minnesota,Timberwolves,MIN,timberwolves,240:00,37,94,0.394,7,39,0.179,17,22,0.773,13,28,41,16,12,3,13,19,98,-8.0
22400222,1610612745,Houston,Rockets,HOU,rockets,240:00,42,97,0.433,15,40,0.375,12,17,0.706,18,41,59,28,8,11,13,17,111,8.0
22400222,1610612746,LA,Clippers,LAC,clippers,240:00,38,96,0.396,14,38,0.368,13,16,0.813,10,32,42,27,10,3,9,16,103,-8.0
22400225,1610612747,Los Angeles,Lakers,LAL,lakers,240:00,43,85,0.506,20,41,0.488,22,32,0.688,7,35,42,31,7,5,18,22,128,5.0
22400225,1610612763,Memphis,Grizzlies,MEM,grizzlies,240:00,42,89,0.472,12,33,0.364,27,33,0.818,12,29,41,28,11,6,13,25,123,-5.0
22400223,1610612749,Milwaukee,Bucks,MIL,bucks,265:00,45,95,0.474,15,35,0.429,22,25,0.88,9,38,47,26,10,9,11,12,127,7.0
22400223,1610612765,Detroit,Pistons,DET,pistons,265:00,46,100,0.46,18,38,0.474,10,13,0.769,11,34,45,29,6,7,14,21,120,-7.0
22400221,1610612760,Oklahoma City,Thunder,OKC,thunder,240:00,39,88,0.443,15,39,0.385,13,16,0.813,5,26,31,20,16,7,5,17,106,18.0
22400221,1610612740,New Orleans,Pelicans,NOP,pelicans,240:00,34,86,0.395,9,37,0.243,11,17,0.647,21,37,58,21,3,4,23,15,88,-18.0
22400219,1610612752,New York,Knicks,NYK,knicks,240:00,48,94,0.511,15,37,0.405,12,18,0.667,10,30,40,31,7,3,15,17,123,-1.0
22400219,1610612741,Chicago,Bulls,CHI,bulls,240:00,44,82,0.537,14,36,0.389,22,27,0.815,7,33,40,31,10,6,18,17,124,1.0
22400228,1610612762,Utah,Jazz,UTA,jazz,240:00,43,85,0.506,13,34,0.382,16,21,0.762,16,24,40,25,11,2,18,20,115,2.0
22400228,1610612742,Dallas,Mavericks,DAL,mavericks,240:00,43,85,0.506,12,39,0.308,15,20,0.75,11,19,30,25,11,10,17,18,113,-2.0
22400019,1610612744,Golden State,Warriors,GSW,warriors,240:00,43,98,0.439,19,46,0.413,18,25,0.72,14,42,56,33,9,6,19,28,123,5.0
22400019,1610612763,Memphis,Grizzlies,MEM,grizzlies,240:00,42,103,0.408,7,42,0.167,27,33,0.818,18,36,54,22,8,11,15,21,118,-5.0
22400020,1610612758,Sacramento,Kings,SAC,kings,265:00,48,96,0.5,12,37,0.324,18,20,0.9,11,40,51,21,6,7,13,17,126,-4.0
22400020,1610612750,Minnesota,Timberwolves,MIN,timberwolves,265:00,48,101,0.475,20,49,0.408,14,16,0.875,10,31,41,26,9,4,11,19,130,4.0
22400013,1610612739,Cleveland,Cavaliers,CLE,cavaliers,240:00,51,93,0.548,21,43,0.488,21,24,0.875,4,36,40,33,11,6,13,16,144,18.0
22400013,1610612741,Chicago,Bulls,CHI,bulls,240:00,45,88,0.511,20,42,0.476,16,20,0.8,3,33,36,32,7,4,17,20,126,-18.0
22400014,1610612752,New York,Knicks,NYK,knicks,240:00,44,83,0.53,13,38,0.342,23,28,0.821,8,37,45,25,7,6,13,21,124,2.0
22400014,1610612751,Brooklyn,Nets,BKN,nets,240:00,39,89,0.438,19,46,0.413,25,28,0.893,10,27,37,27,8,2,9,22,122,-2.0
22400011,1610612761,Toronto,Raptors,TOR,raptors,240:00,35,97,0.361,8,31,0.258,17,22,0.773,17,36,53,21,7,6,14,13,95,-4.0
22400011,1610612765,Detroit,Pistons,DET,pistons,240:00,39,95,0.411,8,38,0.211,13,20,0.65,14,42,56,24,8,8,13,16,99,4.0
22400016,1610612745,Houston,Rockets,HOU,rockets,240:00,46,95,0.484,19,44,0.432,14,18,0.778,9,39,48,31,11,3,12,25,125,21.0
22400016,1610612746,LA,Clippers,LAC,clippers,240:00,34,90,0.378,10,40,0.25,26,33,0.788,13,38,51,12,6,6,14,15,104,-21.0
22400012,1610612737,Atlanta,Hawks,ATL,hawks,240:00,46,98,0.469,12,37,0.324,25,30,0.833,15,40,55,28,10,10,16,17,129,12.0
22400012,1610612764,Washington,Wizards,WAS,wizards,240:00,43,106,0.406,15,43,0.349,16,21,0.762,13,39,52,28,11,5,15,23,117,-12.0
22400010,1610612753,Orlando,Magic,ORL,magic,240:00,34,78,0.436,11,37,0.297,19,22,0.864,11,32,43,15,11,6,17,21,98,12.0
22400010,1610612755,Philadelphia,76ers,PHI,sixers,240:00,29,72,0.403,10,31,0.323,18,21,0.857,6,28,34,19,10,3,16,23,86,-12.0
22400009,1610612754,Indiana,Pacers,IND,pacers,240:00,44,86,0.512,14,35,0.4,9,11,0.818,8,31,39,28,8,4,20,15,111,-13.0
22400009,1610612748,Miami,Heat,MIA,heat,240:00,45,87,0.517,15,42,0.357,19,23,0.826,4,32,36,27,16,1,10,12,124,13.0
22400018,1610612760,Oklahoma City,Thunder,OKC,thunder,240:00,36,91,0.396,10,40,0.25,17,18,0.944,13,40,53,21,6,11,10,26,99,16.0
22400018,1610612756,Phoenix,Suns,PHX,suns,240:00,22,75,0.293,9,37,0.243,30,40,0.75,11,39,50,17,6,4,14,20,83,-16.0
22400015,1610612759,San Antonio,Spurs,SAS,spurs,240:00,43,88,0.489,17,45,0.378,12,16,0.75,11,29,40,32,6,5,13,19,115,-5.0
22400015,1610612747,Los Angeles,Lakers,LAL,lakers,240:00,44,88,0.5,14,31,0.452,18,23,0.783,10,31,41,27,10,3,10,11,120,5.0
22400017,1610612740,New Orleans,Pelicans,NOP,pelicans,240:00,37,87,0.425,11,35,0.314,16,18,0.889,17,39,56,21,4,5,14,13,101,7.0
22400017,1610612743,Denver,Nuggets,DEN,nuggets,240:00,37,87,0.425,10,37,0.27,10,11,0.909,5,33,38,26,10,1,7,16,94,-7.0
22400230,1610612738,Boston,Celtics,BOS,celtics,265:00,44,99,0.444,21,61,0.344,17,19,0.895,14,28,42,30,2,6,9,20,126,3.0
22400230,1610612761,Toronto,Raptors,TOR,raptors,265:00,50,98,0.51,9,23,0.391,14,21,0.667,15,31,46,35,3,2,9,19,123,-3.0
22400232,1610612742,Dallas,Mavericks,DAL,mavericks,240:00,44,94,0.468,8,31,0.258,14,18,0.778,13,40,53,26,9,7,14,18,110,17.0
22400232,1610612759,San Antonio,Spurs,SAS,spurs,240:00,28,88,0.318,11,40,0.275,26,30,0.867,13,32,45,21,10,9,11,17,93,-17.0
22400231,1610612740,New Orleans,Pelicans,NOP,pelicans,240:00,35,83,0.422,11,29,0.379,18,23,0.783,18,32,50,24,7,4,17,19,99,-5.0
22400231,1610612747,Los Angeles,Lakers,LAL,lakers,240:00,39,89,0.438,12,40,0.3,14,18,0.778,17,26,43,24,10,3,11,14,104,5.0
22400233,1610612758,Sacramento,Kings,SAC,kings,240:00,42,83,0.506,19,41,0.463,18,25,0.72,9,26,35,24,6,3,14,29,121,4.0
22400233,1610612762,Utah,Jazz,UTA,jazz,240:00,37,75,0.493,12,26,0.462,31,42,0.738,11,22,33,16,11,3,13,20,117,-4.0
22400229,1610612766,Charlotte,Hornets,CHA,hornets,240:00,41,93,0.441,15,42,0.357,18,21,0.857,16,37,53,25,7,4,10,16,115,1.0
22400229,1610612749,Milwaukee,Bucks,MIL,bucks,240:00,47,92,0.511,15,36,0.417,5,11,0.455,8,32,40,31,6,6,9,18,114,-1.0
22400239,1610612757,Portland,Trail Blazers,POR,blazers,240:00,44,95,0.463,14,38,0.368,12,19,0.632,18,22,40,31,16,10,20,21,114,4.0
22400239,1610612737,Atlanta,Hawks,ATL,hawks,240:00,39,85,0.459,11,32,0.344,21,25,0.84,16,31,47,30,10,7,25,19,110,-4.0
22400237,1610612764,Washington,Wizards,WAS,wizards,240:00,39,83,0.47,12,27,0.444,14,20,0.7,5,34,39,21,6,3,17,16,104,-20.0
22400237,1610612765,Detroit,Pistons,DET,pistons,240:00,46,97,0.474,17,38,0.447,15,19,0.789,13,38,51,27,11,4,8,19,124,20.0
22400235,1610612754,Indiana,Pacers,IND,pacers,240:00,44,85,0.518,13,29,0.448,18,20,0.9,10,35,45,30,6,6,10,16,119,9.0
22400235,1610612748,Miami,Heat,MIA,heat,240:00,36,90,0.4,19,43,0.442,19,20,0.95,15,23,38,21,4,1,10,13,110,-9.0
22400238,1610612763,Memphis,Grizzlies,MEM,grizzlies,240:00,41,91,0.451,13,39,0.333,10,12,0.833,10,35,45,31,10,10,12,15,105,15.0
22400238,1610612743,Denver,Nuggets,DEN,nuggets,240:00,35,84,0.417,10,31,0.323,10,14,0.714,6,33,39,23,9,5,14,12,90,-15.0
22400234,1610612750,Minnesota,Timberwolves,MIN,timberwolves,240:00,42,80,0.525,17,39,0.436,19,26,0.731,9,23,32,27,8,6,14,13,120,3.0
22400234,1610612756,Phoenix,Suns,PHX,suns,240:00,46,85,0.541,14,31,0.452,11,15,0.733,12,29,41,29,9,2,19,26,117,-3.0
22400236,1610612739,Cleveland,Cavaliers,CLE,cavaliers,240:00,44,77,0.571,13,30,0.433,27,28,0.964,9,39,48,26,3,4,20,15,128,14.0
22400236,1610612766,Charlotte,Hornets,CHA,hornets,240:00,42,103,0.408,20,52,0.385,10,12,0.833,17,23,40,34,12,6,9,23,114,-14.0
22400243,1610612746,LA,Clippers,LAC,clippers,240:00,46,94,0.489,11,40,0.275,13,17,0.765,14,27,41,30,11,5,9,11,116,11.0
22400243,1610612762,Utah,Jazz,UTA,jazz,240:00,39,79,0.494,12,40,0.3,15,18,0.833,9,32,41,24,7,1,18,14,105,-11.0
22400241,1610612741,Chicago,Bulls,CHI,bulls,240:00,36,107,0.336,14,56,0.25,21,22,0.955,13,34,47,26,8,7,13,21,107,-36.0
22400241,1610612745,Houston,Rockets,HOU,rockets,240:00,55,105,0.524,10,34,0.294,23,32,0.719,14,52,66,34,8,9,10,18,143,36.0
22400240,1610612752,New York,Knicks,NYK,knicks,240:00,43,88,0.489,13,40,0.325,15,19,0.789,10,37,47,33,4,5,6,23,114,10.0
22400240,1610612751,Brooklyn,Nets,BKN,nets,240:00,32,76,0.421,17,41,0.415,23,30,0.767,7,28,35,31,1,3,9,19,104,-10.0
22400242,1610612760,Oklahoma City,Thunder,OKC,thunder,240:00,43,87,0.494,14,42,0.333,19,25,0.76,7,22,29,29,11,5,6,25,119,-2.0
22400242,1610612742,Dallas,Mavericks,DAL,mavericks,240:00,40,84,0.476,11,27,0.407,30,36,0.833,18,35,53,18,4,5,16,20,121,2.0
22400251,1610612746,LA,Clippers,LAC,clippers,240:00,35,82,0.427,16,34,0.471,16,18,0.889,5,39,44,29,10,6,17,13,102,3.0
22400251,1610612744,Golden State,Warriors,GSW,warriors,240:00,37,84,0.44,16,44,0.364,9,19,0.474,9,36,45,27,12,4,19,14,99,-3.0
22400250,1610612758,Sacramento,Kings,SAC,kings,240:00,37,85,0.435,20,46,0.435,14,19,0.737,9,36,45,24,9,4,17,20,108,-1.0
22400250,1610612737,Atlanta,Hawks,ATL,hawks,240:00,39,83,0.47,16,38,0.421,15,18,0.833,6,31,37,34,7,7,14,19,109,1.0
22400249,1610612756,Phoenix,Suns,PHX,suns,240:00,35,83,0.422,12,41,0.293,17,25,0.68,16,29,45,25,5,2,13,21,99,-10.0
22400249,1610612753,Orlando,Magic,ORL,magic,240:00,39,76,0.513,11,29,0.379,20,25,0.8,8,30,38,28,5,7,10,19,109,10.0
22400248,1610612749,Milwaukee,Bucks,MIL,bucks,240:00,38,83,0.458,13,33,0.394,12,19,0.632,4,39,43,21,8,8,15,18,101,1.0
22400248,1610612745,Houston,Rockets,HOU,rockets,240:00,40,100,0.4,9,32,0.281,11,13,0.846,16,37,53,19,9,6,12,15,100,-1.0
22400245,1610612748,Miami,Heat,MIA,heat,240:00,36,87,0.414,13,44,0.295,21,23,0.913,9,44,53,26,10,2,13,13,106,17.0
22400245,1610612755,Philadelphia,76ers,PHI,sixers,240:00,35,84,0.417,10,41,0.244,9,12,0.75,2,40,42,25,10,3,14,17,89,-17.0
22400247,1610612761,Toronto,Raptors,TOR,raptors,240:00,48,82,0.585,14,29,0.483,20,28,0.714,10,36,46,27,5,9,23,26,130,11.0
22400247,1610612754,Indiana,Pacers,IND,pacers,240:00,44,99,0.444,15,40,0.375,16,20,0.8,12,20,32,29,17,5,10,19,119,-11.0
22400246,1610612752,New York,Knicks,NYK,knicks,240:00,51,91,0.56,20,40,0.5,12,13,0.923,7,34,41,37,4,1,8,12,134,28.0
22400246,1610612764,Washington,Wizards,WAS,wizards,240:00,43,91,0.473,11,33,0.333,9,16,0.563,12,29,41,23,5,3,10,19,106,-28.0
22400025,1610612759,San Antonio,Spurs,SAS,spurs,240:00,39,83,0.47,19,46,0.413,13,19,0.684,8,38,46,32,5,5,21,13,110,6.0
22400025,1610612760,Oklahoma City,Thunder,OKC,thunder,240:00,41,100,0.41,16,53,0.302,6,7,0.857,13,34,47,24,16,4,13,18,104,-6.0
22400024,1610612742,Dallas,Mavericks,DAL,mavericks,240:00,49,94,0.521,14,31,0.452,20,25,0.8,14,34,48,26,12,7,11,15,132,41.0
22400024,1610612740,New Orleans,Pelicans,NOP,pelicans,240:00,31,78,0.397,11,32,0.344,18,21,0.857,7,30,37,19,9,4,21,22,91,-41.0
22400026,1610612747,Los Angeles,Lakers,LAL,lakers,240:00,42,76,0.553,14,31,0.452,26,36,0.722,6,28,34,30,9,5,14,16,124,6.0
22400026,1610612762,Utah,Jazz,UTA,jazz,240:00,45,90,0.5,12,36,0.333,16,19,0.842,11,31,42,28,9,0,14,24,118,-6.0
22400023,1610612763,Memphis,Grizzlies,MEM,grizzlies,240:00,41,103,0.398,9,38,0.237,19,31,0.613,19,36,55,24,9,10,22,24,110,-12.0
22400023,1610612743,Denver,Nuggets,DEN,nuggets,240:00,48,100,0.48,12,36,0.333,14,22,0.636,13,40,53,29,15,6,18,29,122,12.0
22400022,1610612751,Brooklyn,Nets,BKN,nets,240:00,42,85,0.494,18,41,0.439,14,19,0.737,10,26,36,31,8,8,13,19,116,1.0
22400022,1610612766,Charlotte,Hornets,CHA,hornets,240:00,38,82,0.463,20,37,0.541,19,22,0.864,13,31,44,25,6,8,21,20,115,-1.0
22400021,1610612738,Boston,Celtics,BOS,celtics,240:00,44,86,0.512,22,41,0.537,10,14,0.714,9,33,42,32,4,4,13,19,120,3.0
22400021,1610612739,Cleveland,Cavaliers,CLE,cavaliers,240:00,46,93,0.495,10,29,0.345,15,17,0.882,12,29,41,30,4,3,7,15,117,-3.0
22400255,1610612763,Memphis,Grizzlies,MEM,grizzlies,240:00,41,85,0.482,19,43,0.442,16,16,1.0,9,32,41,29,5,6,19,17,117,6.0
22400255,1610612755,Philadelphia,76ers,PHI,sixers,240:00,39,87,0.448,11,33,0.333,22,24,0.917,14,27,41,21,12,6,14,19,111,-6.0
22400253,1610612749,Milwaukee,Bucks,MIL,bucks,240:00,44,80,0.55,13,36,0.361,21,31,0.677,10,35,45,30,7,2,11,13,122,16.0
22400253,1610612741,Chicago,Bulls,CHI,bulls,240:00,41,88,0.466,17,45,0.378,7,7,1.0,5,28,33,25,7,2,14,23,106,-16.0
22400254,1610612745,Houston,Rockets,HOU,rockets,240:00,47,102,0.461,12,36,0.333,24,33,0.727,13,34,47,25,16,2,13,21,130,17.0
22400254,1610612754,Indiana,Pacers,IND,pacers,240:00,44,83,0.53,5,22,0.227,20,25,0.8,3,33,36,19,7,9,23,24,113,-17.0
22400256,1610612760,Oklahoma City,Thunder,OKC,thunder,240:00,40,91,0.44,9,31,0.29,20,23,0.87,15,31,46,24,14,8,13,20,109,10.0
22400256,1610612757,Portland,Trail Blazers,POR,blazers,240:00,32,79,0.405,15,38,0.395,20,28,0.714,16,33,49,18,6,7,22,20,99,-10.0
22400257,1610612756,Phoenix,Suns,PHX,suns,240:00,45,92,0.489,19,50,0.38,13,17,0.765,11,23,34,30,9,2,14,16,122,-16.0
22400257,1610612752,New York,Knicks,NYK,knicks,240:00,50,86,0.581,19,39,0.487,19,21,0.905,10,31,41,30,10,0,13,15,138,16.0
22400258,1610612744,Golden State,Warriors,GSW,warriors,240:00,47,101,0.465,14,40,0.35,12,18,0.667,9,45,54,36,10,7,15,17,120,23.0
22400258,1610612737,Atlanta,Hawks,ATL,hawks,240:00,35,105,0.333,12,45,0.267,15,24,0.625,21,44,65,27,9,5,17,17,97,-23.0
22400259,1610612746,LA,Clippers,LAC,clippers,240:00,38,77,0.494,11,22,0.5,17,21,0.81,15,34,49,22,10,1,22,22,104,11.0
22400259,1610612753,Orlando,Magic,ORL,magic,240:00,33,75,0.44,8,35,0.229,19,24,0.792,2,22,24,21,11,7,14,17,93,-11.0
22400252,1610612739,Cleveland,Cavaliers,CLE,cavaliers,240:00,49,93,0.527,18,42,0.429,12,14,0.857,16,36,52,29,10,9,11,16,128,28.0
22400252,1610612740,New Orleans,Pelicans,NOP,pelicans,240:00,39,92,0.424,8,31,0.258,14,22,0.636,16,24,40,23,9,3,11,11,100,-28.0
22400260,1610612766,Charlotte,Hornets,CHA,hornets,265:00,44,93,0.473,20,44,0.455,15,21,0.714,11,32,43,23,12,5,15,22,123,2.0
22400260,1610612765,Detroit,Pistons,DET,pistons,265:00,42,99,0.424,17,48,0.354,20,25,0.8,21,35,56,30,8,3,19,23,121,-2.0
22400262,1610612759,San Antonio,Spurs,SAS,spurs,240:00,41,88,0.466,9,32,0.281,35,46,0.761,11,40,51,32,8,9,11,20,126,8.0
22400262,1610612762,Utah,Jazz,UTA,jazz,240:00,41,98,0.418,13,45,0.289,23,26,0.885,12,37,49,22,4,7,14,29,118,-8.0
22400261,1610612761,Toronto,Raptors,TOR,raptors,240:00,37,72,0.514,7,23,0.304,29,39,0.744,10,33,43,22,11,1,17,24,110,5.0
22400261,1610612750,Minnesota,Timberwolves,MIN,timberwolves,240:00,33,80,0.412,12,35,0.343,27,33,0.818,10,30,40,16,12,5,17,24,105,-5.0
22400263,1610612747,Los Angeles,Lakers,LAL,lakers,240:00,44,87,0.506,13,31,0.419,17,26,0.654,9,27,36,21,4,6,10,15,118,-1.0
22400263,1610612753,Orlando,Magic,ORL,magic,240:00,43,91,0.473,15,40,0.375,18,21,0.857,15,33,48,31,8,5,16,25,119,1.0
22400027,1610612755,Philadelphia,76ers,PHI,sixers,240:00,41,92,0.446,16,43,0.372,15,20,0.75,15,25,40,25,13,9,11,16,113,15.0
22400027,1610612751,Brooklyn,Nets,BKN,nets,240:00,39,79,0.494,13,37,0.351,7,7,1.0,7,27,34,28,1,4,19,17,98,-15.0
22400030,1610612741,Chicago,Bulls,CHI,bulls,240:00,49,86,0.57,19,43,0.442,19,21,0.905,5,36,41,36,8,10,19,17,136,14.0
22400030,1610612737,Atlanta,Hawks,ATL,hawks,240:00,49,107,0.458,10,34,0.294,14,19,0.737,14,28,42,32,11,4,11,16,122,-14.0
22400031,1610612745,Houston,Rockets,HOU,rockets,240:00,42,93,0.452,15,39,0.385,17,25,0.68,13,38,51,27,14,5,17,20,116,28.0
22400031,1610612757,Portland,Trail Blazers,POR,blazers,240:00,30,91,0.33,11,43,0.256,17,22,0.773,13,32,45,17,9,8,20,20,88,-28.0
22400032,1610612740,New Orleans,Pelicans,NOP,pelicans,240:00,41,92,0.446,12,39,0.308,14,22,0.636,13,30,43,28,10,9,9,25,108,-4.0
22400032,1610612744,Golden State,Warriors,GSW,warriors,240:00,39,87,0.448,12,37,0.324,22,29,0.759,14,38,52,27,5,5,16,19,112,4.0
22400029,1610612749,Milwaukee,Bucks,MIL,bucks,240:00,48,90,0.533,17,36,0.472,16,20,0.8,10,34,44,33,10,4,17,19,129,12.0
22400029,1610612754,Indiana,Pacers,IND,pacers,240:00,43,91,0.473,11,34,0.324,20,27,0.741,14,32,46,30,11,6,15,17,117,-12.0
22400033,1610612743,Denver,Nuggets,DEN,nuggets,240:00,43,90,0.478,15,29,0.517,19,29,0.655,15,27,42,33,4,7,13,19,120,-3.0
22400033,1610612742,Dallas,Mavericks,DAL,mavericks,240:00,46,91,0.505,10,27,0.37,21,27,0.778,12,32,44,24,11,5,13,22,123,3.0
22400266,1610612741,Chicago,Bulls,CHI,bulls,240:00,49,97,0.505,19,42,0.452,14,19,0.737,10,25,35,29,4,8,11,14,131,-11.0
22400266,1610612763,Memphis,Grizzlies,MEM,grizzlies,240:00,55,96,0.573,19,42,0.452,13,20,0.65,13,36,49,38,5,4,11,18,142,11.0
22400265,1610612753,Orlando,Magic,ORL,magic,240:00,40,87,0.46,12,39,0.308,19,22,0.864,17,27,44,25,13,9,13,20,111,11.0
22400265,1610612765,Detroit,Pistons,DET,pistons,240:00,35,75,0.467,13,33,0.394,17,22,0.773,10,24,34,16,7,8,17,21,100,-11.0
22400269,1610612759,San Antonio,Spurs,SAS,spurs,240:00,38,85,0.447,13,47,0.277,15,19,0.789,9,39,48,29,5,9,8,16,104,10.0
22400269,1610612744,Golden State,Warriors,GSW,warriors,240:00,36,95,0.379,14,44,0.318,8,13,0.615,17,32,49,29,4,3,10,21,94,-10.0
22400267,1610612745,Houston,Rockets,HOU,rockets,240:00,32,90,0.356,8,32,0.25,26,33,0.788,14,29,43,17,8,5,9,19,98,-6.0
22400267,1610612757,Portland,Trail Blazers,POR,blazers,240:00,34,90,0.378,18,44,0.409,18,23,0.783,16,37,53,16,5,12,16,26,104,6.0
22400270,1610612747,Los Angeles,Lakers,LAL,lakers,240:00,39,88,0.443,13,36,0.361,11,14,0.786,6,26,32,27,11,3,15,16,102,-25.0
22400270,1610612743,Denver,Nuggets,DEN,nuggets,240:00,50,82,0.61,16,32,0.5,11,19,0.579,8,40,48,37,7,2,17,18,127,25.0
22400264,1610612762,Utah,Jazz,UTA,jazz,240:00,44,87,0.506,19,34,0.559,14,19,0.737,9,43,52,30,4,4,18,19,121,15.0
22400264,1610612752,New York,Knicks,NYK,knicks,240:00,39,100,0.39,17,51,0.333,11,12,0.917,11,29,40,25,10,10,9,19,106,-15.0
22400271,1610612738,Boston,Celtics,BOS,celtics,240:00,37,87,0.425,21,56,0.375,12,15,0.8,8,32,40,25,5,7,6,23,107,2.0
22400271,1610612750,Minnesota,Timberwolves,MIN,timberwolves,240:00,37,88,0.42,15,41,0.366,16,21,0.762,11,38,49,19,2,1,8,18,105,-2.0
22400275,1610612739,Cleveland,Cavaliers,CLE,cavaliers,240:00,48,97,0.495,16,41,0.39,10,14,0.714,14,35,49,27,11,4,13,21,122,14.0
22400275,1610612761,Toronto,Raptors,TOR,raptors,240:00,37,92,0.402,12,39,0.308,22,34,0.647,19,36,55,22,9,5,14,18,108,-14.0
22400276,1610612758,Sacramento,Kings,SAC,kings,240:00,37,77,0.481,9,25,0.36,20,31,0.645,11,33,44,21,6,6,16,22,103,-5.0
22400276,1610612751,Brooklyn,Nets,BKN,nets,240:00,36,75,0.48,19,39,0.487,17,25,0.68,6,25,31,24,7,5,12,23,108,5.0
22400274,1610612755,Philadelphia,76ers,PHI,sixers,240:00,34,86,0.395,9,39,0.231,22,26,0.846,13,20,33,22,8,5,13,17,99,-26.0
22400274,1610612746,LA,Clippers,LAC,clippers,240:00,47,81,0.58,12,30,0.4,19,25,0.76,10,34,44,31,9,5,17,22,125,26.0
22400284,1610612744,Golden State,Warriors,GSW,warriors,240:00,45,93,0.484,19,46,0.413,11,17,0.647,11,32,43,32,8,5,12,21,120,-8.0
22400284,1610612751,Brooklyn,Nets,BKN,nets,240:00,41,83,0.494,20,45,0.444,26,30,0.867,7,35,42,23,6,3,11,18,128,8.0
22400285,1610612758,Sacramento,Kings,SAC,kings,240:00,42,87,0.483,8,32,0.25,17,23,0.739,9,22,31,24,10,4,12,22,109,-21.0
22400285,1610612760,Oklahoma City,Thunder,OKC,thunder,240:00,48,86,0.558,14,31,0.452,20,25,0.8,11,33,44,28,6,3,15,18,130,21.0
22400283,1610612743,Denver,Nuggets,DEN,nuggets,240:00,41,92,0.446,11,33,0.333,25,27,0.926,10,23,33,23,5,3,11,18,118,-27.0
22400283,1610612752,New York,Knicks,NYK,knicks,240:00,56,92,0.609,19,36,0.528,14,16,0.875,8,35,43,45,5,4,9,23,145,27.0
22400279,1610612754,Indiana,Pacers,IND,pacers,240:00,43,91,0.473,17,47,0.362,11,16,0.688,7,34,41,30,10,2,13,16,114,4.0
22400279,1610612740,New Orleans,Pelicans,NOP,pelicans,240:00,45,87,0.517,9,33,0.273,11,19,0.579,8,36,44,35,9,3,15,16,110,-4.0
22400282,1610612763,Memphis,Grizzlies,MEM,grizzlies,240:00,43,87,0.494,12,28,0.429,25,34,0.735,16,44,60,35,7,13,18,20,123,25.0
22400282,1610612757,Portland,Trail Blazers,POR,blazers,240:00,34,102,0.333,8,46,0.174,22,28,0.786,19,25,44,22,10,7,11,21,98,-25.0
22400280,1610612737,Atlanta,Hawks,ATL,hawks,240:00,48,101,0.475,9,31,0.29,14,16,0.875,9,30,39,32,10,6,14,15,119,-10.0
22400280,1610612742,Dallas,Mavericks,DAL,mavericks,240:00,47,94,0.5,16,35,0.457,19,22,0.864,10,41,51,24,6,8,17,13,129,10.0
22400278,1610612765,Detroit,Pistons,DET,pistons,240:00,34,76,0.447,12,37,0.324,22,31,0.71,6,32,38,27,4,7,14,19,102,2.0
22400278,1610612761,Toronto,Raptors,TOR,raptors,240:00,41,104,0.394,10,35,0.286,8,10,0.8,23,27,50,26,7,5,9,27,100,-2.0
22400039,1610612756,Phoenix,Suns,PHX,suns,240:00,51,99,0.515,17,42,0.405,8,10,0.8,8,38,46,31,9,3,9,18,127,27.0
22400039,1610612747,Los Angeles,Lakers,LAL,lakers,240:00,37,85,0.435,8,34,0.235,18,25,0.72,7,35,42,25,7,6,12,11,100,-27.0
22400038,1610612762,Utah,Jazz,UTA,jazz,240:00,43,84,0.512,13,35,0.371,16,20,0.8,10,31,41,24,6,4,21,20,115,-13.0
22400038,1610612759,San Antonio,Spurs,SAS,spurs,240:00,45,93,0.484,18,48,0.375,20,26,0.769,13,26,39,30,12,5,10,17,128,13.0
22400037,1610612750,Minnesota,Timberwolves,MIN,timberwolves,265:00,42,98,0.429,9,38,0.237,18,20,0.9,14,38,52,21,6,4,17,18,111,-6.0
22400037,1610612745,Houston,Rockets,HOU,rockets,265:00,45,99,0.455,15,37,0.405,12,13,0.923,7,37,44,31,12,9,10,20,117,6.0
22400036,1610612748,Miami,Heat,MIA,heat,240:00,35,77,0.455,10,29,0.345,23,30,0.767,9,29,38,26,6,2,8,14,103,-3.0
22400036,1610612749,Milwaukee,Bucks,MIL,bucks,240:00,36,77,0.468,20,42,0.476,14,17,0.824,9,32,41,23,5,7,10,19,106,3.0
22400035,1610612764,Washington,Wizards,WAS,wizards,240:00,39,91,0.429,10,37,0.27,20,31,0.645,5,38,43,27,7,3,12,18,108,-19.0
22400035,1610612741,Chicago,Bulls,CHI,bulls,240:00,47,94,0.5,14,40,0.35,19,22,0.864,8,42,50,29,6,4,10,22,127,19.0
22400291,1610612764,Washington,Wizards,WAS,wizards,240:00,35,85,0.412,8,33,0.242,18,22,0.818,11,29,40,21,9,4,20,18,96,-25.0
22400291,1610612746,LA,Clippers,LAC,clippers,240:00,45,89,0.506,12,33,0.364,19,25,0.76,13,34,47,27,18,4,13,19,121,25.0
22400286,1610612766,Charlotte,Hornets,CHA,hornets,240:00,37,98,0.378,17,51,0.333,3,8,0.375,16,27,43,22,10,5,13,19,94,-4.0
22400286,1610612748,Miami,Heat,MIA,heat,240:00,33,73,0.452,14,37,0.378,18,22,0.818,4,40,44,21,6,5,18,9,98,4.0
22400288,1610612754,Indiana,Pacers,IND,pacers,240:00,46,94,0.489,13,32,0.406,16,20,0.8,19,28,47,27,10,10,12,21,121,7.0
22400288,1610612757,Portland,Trail Blazers,POR,blazers,240:00,44,87,0.506,16,35,0.457,10,17,0.588,13,25,38,31,6,5,14,18,114,-7.0
22400293,1610612763,Memphis,Grizzlies,MEM,grizzlies,240:00,51,93,0.548,17,46,0.37,12,16,0.75,10,32,42,31,13,4,16,21,131,20.0
22400293,1610612765,Detroit,Pistons,DET,pistons,240:00,40,85,0.471,13,38,0.342,18,25,0.72,9,33,42,24,6,4,18,17,111,-20.0
22400294,1610612750,Minnesota,Timberwolves,MIN,timberwolves,240:00,33,74,0.446,14,39,0.359,24,27,0.889,4,29,33,25,11,9,15,19,104,-11.0
22400294,1610612758,Sacramento,Kings,SAC,kings,240:00,46,94,0.489,12,37,0.324,11,15,0.733,12,35,47,28,8,3,16,21,115,11.0
22400299,1610612744,Golden State,Warriors,GSW,warriors,240:00,35,98,0.357,16,50,0.32,15,21,0.714,18,39,57,25,7,6,14,21,101,-4.0
22400299,1610612760,Oklahoma City,Thunder,OKC,thunder,240:00,39,85,0.459,11,37,0.297,16,26,0.615,8,40,48,26,10,9,14,21,105,4.0
22400297,1610612756,Phoenix,Suns,PHX,suns,240:00,41,77,0.532,12,31,0.387,23,28,0.821,3,34,37,25,7,5,17,26,117,-10.0
22400297,1610612751,Brooklyn,Nets,BKN,nets,240:00,44,87,0.506,18,42,0.429,21,22,0.955,7,29,36,32,8,1,12,24,127,10.0
22400298,1610612762,Utah,Jazz,UTA,jazz,240:00,38,90,0.422,16,43,0.372,11,18,0.611,21,26,47,25,7,5,18,17,103,-19.0
22400298,1610612743,Denver,Nuggets,DEN,nuggets,240:00,46,84,0.548,11,33,0.333,19,23,0.826,10,29,39,30,10,8,10,14,122,19.0
22400292,1610612742,Dallas,Mavericks,DAL,mavericks,240:00,48,85,0.565,17,33,0.515,16,21,0.762,10,33,43,27,6,4,13,25,129,15.0
22400292,1610612752,New York,Knicks,NYK,knicks,240:00,40,86,0.465,7,29,0.241,27,30,0.9,7,26,33,20,9,3,8,19,114,-15.0
22400295,1610612740,New Orleans,Pelicans,NOP,pelicans,240:00,36,93,0.387,11,35,0.314,10,16,0.625,10,37,47,24,12,4,15,16,93,-26.0
22400295,1610612761,Toronto,Raptors,TOR,raptors,240:00,47,95,0.495,21,52,0.404,4,12,0.333,12,40,52,38,11,4,15,16,119,26.0
22400289,1610612753,Orlando,Magic,ORL,magic,240:00,46,90,0.511,15,39,0.385,26,28,0.929,7,32,39,30,10,8,11,14,133,14.0
22400289,1610612741,Chicago,Bulls,CHI,bulls,240:00,46,87,0.529,16,42,0.381,11,16,0.688,7,30,37,30,9,6,18,26,119,-14.0
22400290,1610612755,Philadelphia,76ers,PHI,sixers,265:00,43,96,0.448,12,33,0.364,17,23,0.739,10,32,42,19,12,7,14,26,115,-7.0
22400290,1610612745,Houston,Rockets,HOU,rockets,265:00,40,88,0.455,10,31,0.323,32,38,0.842,14,37,51,23,10,14,20,19,122,7.0
22400296,1610612759,San Antonio,Spurs,SAS,spurs,240:00,36,85,0.424,14,40,0.35,15,16,0.938,11,27,38,26,7,4,15,13,101,-18.0
22400296,1610612747,Los Angeles,Lakers,LAL,lakers,240:00,48,90,0.533,13,34,0.382,10,10,1.0,11,35,46,31,8,3,13,15,119,18.0
22400272,1610612754,Indiana,Pacers,IND,pacers,240:00,41,86,0.477,12,27,0.444,21,27,0.778,12,33,45,31,8,3,11,18,115,12.0
22400272,1610612764,Washington,Wizards,WAS,wizards,240:00,36,79,0.456,11,35,0.314,20,25,0.8,8,33,41,24,8,5,16,19,103,-12.0
22400273,1610612748,Miami,Heat,MIA,heat,265:00,46,107,0.43,14,41,0.341,17,27,0.63,12,45,57,27,6,6,9,22,123,5.0
22400273,1610612742,Dallas,Mavericks,DAL,mavericks,265:00,44,105,0.419,10,40,0.25,20,25,0.8,15,44,59,29,6,9,13,24,118,-5.0
22400281,1610612738,Boston,Celtics,BOS,celtics,240:00,45,88,0.511,22,51,0.431,14,20,0.7,8,39,47,33,10,11,11,12,126,32.0
22400281,1610612746,LA,Clippers,LAC,clippers,240:00,39,90,0.433,7,26,0.269,9,13,0.692,10,34,44,18,8,3,13,12,94,-32.0
22400244,1610612765,Detroit,Pistons,DET,pistons,240:00,42,98,0.429,15,44,0.341,13,19,0.684,16,32,48,27,3,3,9,19,112,-10.0
22400244,1610612741,Chicago,Bulls,CHI,bulls,240:00,44,91,0.484,23,46,0.5,11,14,0.786,10,36,46,28,3,5,10,16,122,10.0
22400028,1610612764,Washington,Wizards,WAS,wizards,240:00,39,90,0.433,7,28,0.25,11,16,0.688,10,38,48,19,6,4,19,29,96,-12.0
22400028,1610612738,Boston,Celtics,BOS,celtics,240:00,36,85,0.424,11,46,0.239,25,32,0.781,10,33,43,22,11,7,12,19,108,12.0
22400034,1610612746,LA,Clippers,LAC,clippers,240:00,39,94,0.415,10,42,0.238,16,16,1.0,11,43,54,27,13,3,12,24,104,16.0
22400034,1610612758,Sacramento,Kings,SAC,kings,240:00,32,83,0.386,7,35,0.2,17,24,0.708,8,40,48,19,5,8,15,13,88,-16.0
22400268,1610612749,Milwaukee,Bucks,MIL,bucks,240:00,43,89,0.483,18,37,0.486,21,26,0.808,10,41,51,20,3,9,14,22,125,6.0
22400268,1610612766,Charlotte,Hornets,CHA,hornets,240:00,41,100,0.41,19,47,0.404,18,21,0.857,14,34,48,22,6,5,10,21,119,-6.0
22400277,1610612766,Charlotte,Hornets,CHA,hornets,240:00,31,75,0.413,7,32,0.219,15,19,0.789,13,39,52,14,6,5,26,20,84,-11.0
22400277,1610612753,Orlando,Magic,ORL,magic,240:00,37,94,0.394,12,46,0.261,9,17,0.529,13,26,39,21,12,6,8,21,95,11.0
22400287,1610612739,Cleveland,Cavaliers,CLE,cavaliers,240:00,44,95,0.463,15,48,0.313,21,28,0.75,12,32,44,31,11,5,12,21,124,-11.0
22400287,1610612737,Atlanta,Hawks,ATL,hawks,240:00,46,97,0.474,20,42,0.476,23,25,0.92,14,37,51,39,6,6,13,21,135,11.0
22400048,1610612747,Los Angeles,Lakers,LAL,lakers,240:00,33,73,0.452,11,38,0.289,16,21,0.762,8,39,47,25,4,6,17,18,93,-8.0
22400048,1610612760,Oklahoma City,Thunder,OKC,thunder,240:00,38,93,0.409,13,40,0.325,12,16,0.75,15,32,47,20,12,3,9,17,101,8.0
22400049,1610612757,Portland,Trail Blazers,POR,blazers,240:00,46,90,0.511,11,37,0.297,12,15,0.8,8,32,40,27,10,3,11,17,115,9.0
22400049,1610612758,Sacramento,Kings,SAC,kings,240:00,35,78,0.449,15,42,0.357,21,28,0.75,11,30,41,29,7,4,20,19,106,-9.0
22400045,1610612754,Indiana,Pacers,IND,pacers,240:00,41,85,0.482,12,33,0.364,12,13,0.923,7,25,32,23,9,4,16,18,106,-24.0
22400045,1610612765,Detroit,Pistons,DET,pistons,240:00,48,83,0.578,18,38,0.474,16,20,0.8,7,37,44,35,9,5,18,16,130,24.0
22400046,1610612748,Miami,Heat,MIA,heat,240:00,43,94,0.457,21,54,0.389,14,17,0.824,9,24,33,32,10,0,8,19,121,10.0
22400046,1610612761,Toronto,Raptors,TOR,raptors,240:00,43,80,0.537,11,29,0.379,14,17,0.824,10,36,46,34,4,3,18,17,111,-10.0
22400044,1610612750,Minnesota,Timberwolves,MIN,timberwolves,240:00,31,75,0.413,15,39,0.385,16,20,0.8,11,38,49,25,8,5,21,14,93,1.0
22400044,1610612746,LA,Clippers,LAC,clippers,240:00,36,84,0.429,10,31,0.323,10,13,0.769,8,31,39,20,17,3,15,16,92,-1.0
22400043,1610612751,Brooklyn,Nets,BKN,nets,240:00,38,77,0.494,14,29,0.483,10,14,0.714,5,30,35,22,5,5,20,21,100,-23.0
22400043,1610612753,Orlando,Magic,ORL,magic,240:00,44,83,0.53,18,35,0.514,17,22,0.773,11,29,40,29,13,13,17,21,123,23.0
22400041,1610612737,Atlanta,Hawks,ATL,hawks,240:00,44,85,0.518,14,34,0.412,15,18,0.833,10,43,53,33,9,5,18,20,117,16.0
22400041,1610612739,Cleveland,Cavaliers,CLE,cavaliers,240:00,38,93,0.409,11,38,0.289,14,17,0.824,11,29,40,21,9,0,13,22,101,-16.0
22400040,1610612766,Charlotte,Hornets,CHA,hornets,240:00,36,89,0.404,15,47,0.319,11,15,0.733,14,25,39,25,8,6,13,19,98,-1.0
22400040,1610612752,New York,Knicks,NYK,knicks,240:00,36,81,0.444,12,32,0.375,15,19,0.789,12,32,44,20,7,5,19,19,99,1.0
22400042,1610612763,Memphis,Grizzlies,MEM,grizzlies,240:00,47,96,0.49,12,41,0.293,14,17,0.824,14,37,51,36,9,5,15,22,120,11.0
22400042,1610612740,New Orleans,Pelicans,NOP,pelicans,240:00,38,91,0.418,9,29,0.31,24,30,0.8,14,32,46,16,9,7,14,17,109,-11.0
22400047,1610612741,Chicago,Bulls,CHI,bulls,240:00,48,93,0.516,20,51,0.392,13,16,0.813,5,38,43,28,7,2,8,17,129,-9.0
22400047,1610612738,Boston,Celtics,BOS,celtics,240:00,49,98,0.5,23,54,0.426,17,23,0.739,11,40,51,24,6,2,9,13,138,9.0
