gameId,teamId,teamCity,teamName,teamTricode,teamSlug,minutes,distance,reboundChancesOffensive,reboundChancesDefensive,reboundChancesTotal,touches,secondaryAssists,freeThrowAssists,passes,assists,contestedFieldGoalsMade,contestedFieldGoalsAttempted,contestedFieldGoalPercentage,uncontestedFieldGoalsMade,uncontestedFieldGoalsAttempted,uncontestedFieldGoalsPercentage,fieldGoalPercentage,defendedAtRimFieldGoalsMade,defendedAtRimFieldGoalsAttempted,defendedAtRimFieldGoalPercentage
22400061,1610612738,Boston,Celtics,BOS,celtics,240:00,17.14,22,40,59,369,9,1,257,33,10,23,0.435,38,72,0.528,0.505,15,20,0.75
22400061,1610612752,New York,Knicks,NYK,knicks,240:00,17.99,8,46,54,396,0,1,289,20,23,32,0.719,20,46,0.435,0.551,14,21,0.667
22400071,1610612746,LA,Clippers,LAC,clippers,265:00,19.71,39,56,90,411,1,4,279,27,13,37,0.351,29,55,0.527,0.457,12,16,0.75
22400071,1610612756,Phoenix,Suns,PHX,suns,265:00,19.8,12,64,70,451,5,4,321,25,15,27,0.556,23,51,0.451,0.487,17,29,0.586
22400070,1610612762,Utah,Jazz,UTA,jazz,240:00,18.82,30,54,79,394,2,2,259,21,20,45,0.444,20,40,0.5,0.471,20,28,0.714
22400070,1610612763,Memphis,Grizzlies,MEM,grizzlies,240:00,19.07,34,55,85,362,3,5,239,28,17,32,0.531,26,59,0.441,0.473,22,31,0.71
22400068,1610612745,Houston,Rockets,HOU,rockets,240:00,17.98,36,46,81,382,2,1,254,19,14,45,0.311,24,58,0.414,0.369,11,18,0.611
22400068,1610612766,Charlotte,Hornets,CHA,hornets,240:00,18.24,32,78,107,372,2,3,249,20,15,33,0.455,23,52,0.442,0.447,18,40,0.45
22400069,1610612740,New Orleans,Pelicans,NOP,pelicans,240:00,19.5,27,62,83,450,3,2,327,29,20,39,0.513,25,58,0.431,0.464,22,34,0.647
22400069,1610612741,Chicago,Bulls,CHI,bulls,240:00,19.06,24,62,86,421,2,2,293,26,21,35,0.6,21,51,0.412,0.488,24,31,0.774
22400065,1610612748,Miami,Heat,MIA,heat,240:00,18.96,33,75,105,411,1,5,294,24,15,36,0.417,17,46,0.37,0.39,16,27,0.593
22400065,1610612753,Orlando,Magic,ORL,magic,240:00,18.51,43,60,101,407,5,1,275,28,14,34,0.412,27,62,0.435,0.427,14,23,0.609
22400072,1610612757,Portland,Trail Blazers,POR,blazers,240:00,19.48,34,55,87,463,2,1,328,21,16,40,0.4,20,52,0.385,0.391,27,34,0.794
22400072,1610612744,Golden State,Warriors,GSW,warriors,240:00,19.7,25,71,94,483,5,4,351,38,16,28,0.571,32,65,0.492,0.516,18,32,0.563
22400067,1610612761,Toronto,Raptors,TOR,raptors,240:00,19.36,37,50,83,442,3,3,313,25,13,34,0.382,23,52,0.442,0.419,25,35,0.714
22400067,1610612739,Cleveland,Cavaliers,CLE,cavaliers,240:00,18.66,21,69,89,396,3,3,272,29,31,49,0.633,20,38,0.526,0.586,12,28,0.429
22400064,1610612737,Atlanta,Hawks,ATL,hawks,240:00,18.66,25,60,80,412,3,3,281,25,20,37,0.541,19,43,0.442,0.488,13,20,0.65
22400064,1610612751,Brooklyn,Nets,BKN,nets,240:00,19.58,31,55,82,462,1,2,335,21,14,31,0.452,26,60,0.433,0.44,23,33,0.697
22400063,1610612765,Detroit,Pistons,DET,pistons,240:00,18.77,31,50,80,398,1,5,272,22,18,34,0.529,20,53,0.377,0.432,15,17,0.882
22400063,1610612754,Indiana,Pacers,IND,pacers,240:00,18.98,22,62,82,435,8,5,318,32,9,16,0.563,33,67,0.493,0.506,15,25,0.6
22400066,1610612755,Philadelphia,76ers,PHI,sixers,240:00,18.79,34,41,71,433,5,3,301,18,20,42,0.476,21,56,0.375,0.418,20,26,0.769
22400066,1610612749,Milwaukee,Bucks,MIL,bucks,240:00,18.2,10,62,71,375,2,2,253,27,26,36,0.722,17,44,0.386,0.538,20,36,0.556
22400076,1610612758,Sacramento,Kings,SAC,kings,240:00,18.53,18,57,73,363,4,4,249,21,14,30,0.467,25,53,0.472,0.463,11,15,0.733
22400076,1610612750,Minnesota,Timberwolves,MIN,timberwolves,240:00,18.73,22,53,73,431,2,0,313,24,14,24,0.583,27,62,0.435,0.477,15,19,0.789
22400074,1610612742,Dallas,Mavericks,DAL,mavericks,240:00,18.22,39,56,93,419,0,6,289,27,15,41,0.366,27,61,0.443,0.412,16,24,0.667
22400074,1610612759,San Antonio,Spurs,SAS,spurs,240:00,18.65,27,69,94,450,3,6,324,30,17,34,0.5,22,52,0.423,0.453,15,29,0.517
22400073,1610612764,Washington,Wizards,WAS,wizards,240:00,19.09,22,50,69,447,5,2,318,27,23,40,0.575,18,55,0.327,0.432,20,32,0.625
22400073,1610612738,Boston,Celtics,BOS,celtics,240:00,18.21,26,69,94,365,3,3,239,21,14,29,0.483,28,61,0.459,0.467,24,34,0.706
22400075,1610612743,Denver,Nuggets,DEN,nuggets,240:00,17.45,36,71,106,451,3,3,322,29,19,47,0.404,16,50,0.32,0.357,21,30,0.7
22400075,1610612760,Oklahoma City,Thunder,OKC,thunder,240:00,18.21,32,70,100,404,3,1,281,23,18,36,0.5,25,65,0.385,0.426,23,43,0.535
22400084,1610612762,Utah,Jazz,UTA,jazz,240:00,18.8,26,46,71,428,3,2,298,18,14,34,0.412,15,58,0.259,0.315,22,38,0.579
22400084,1610612744,Golden State,Warriors,GSW,warriors,240:00,18.56,37,70,105,480,6,0,347,35,19,42,0.452,32,64,0.5,0.481,13,25,0.52
22400086,1610612757,Portland,Trail Blazers,POR,blazers,240:00,18.67,30,64,90,415,1,1,283,26,13,36,0.361,24,54,0.444,0.411,10,22,0.455
22400086,1610612740,New Orleans,Pelicans,NOP,pelicans,240:00,18.58,28,64,91,408,6,3,286,25,12,31,0.387,24,55,0.436,0.419,18,32,0.563
22400085,1610612747,Los Angeles,Lakers,LAL,lakers,240:00,17.96,22,48,70,384,5,2,268,33,14,27,0.519,26,48,0.542,0.533,14,22,0.636
22400085,1610612756,Phoenix,Suns,PHX,suns,240:00,18.17,19,44,61,420,6,2,305,35,16,31,0.516,26,51,0.51,0.512,23,33,0.697
22400083,1610612749,Milwaukee,Bucks,MIL,bucks,240:00,18.99,18,55,73,417,2,2,293,24,16,31,0.516,30,62,0.484,0.495,9,16,0.563
22400083,1610612741,Chicago,Bulls,CHI,bulls,240:00,19.32,19,52,68,432,5,2,306,30,13,26,0.5,33,69,0.478,0.479,22,27,0.815
22400082,1610612745,Houston,Rockets,HOU,rockets,240:00,19.2,44,68,105,370,0,3,231,20,18,43,0.419,25,55,0.455,0.439,18,29,0.621
22400082,1610612763,Memphis,Grizzlies,MEM,grizzlies,240:00,19.93,33,61,90,419,1,2,280,24,19,40,0.475,19,51,0.373,0.418,20,40,0.5
22400078,1610612761,Toronto,Raptors,TOR,raptors,240:00,19.47,43,61,97,474,3,5,341,25,22,41,0.537,13,34,0.382,0.461,11,28,0.393
22400078,1610612755,Philadelphia,76ers,PHI,sixers,240:00,18.87,29,46,72,404,1,4,282,19,15,33,0.455,14,42,0.333,0.382,22,35,0.629
22400079,1610612737,Atlanta,Hawks,ATL,hawks,240:00,18.3,16,66,81,372,1,4,252,25,18,30,0.6,21,51,0.412,0.481,14,25,0.56
22400079,1610612766,Charlotte,Hornets,CHA,hornets,240:00,19.21,53,48,98,435,3,2,294,22,11,31,0.355,26,65,0.4,0.385,14,20,0.7
22400080,1610612739,Cleveland,Cavaliers,CLE,cavaliers,240:00,18.46,19,53,68,379,1,2,261,28,13,28,0.464,29,54,0.537,0.512,11,19,0.579
22400080,1610612765,Detroit,Pistons,DET,pistons,240:00,18.77,25,52,74,385,4,2,267,25,15,29,0.517,23,52,0.442,0.469,19,27,0.704
22400081,1610612752,New York,Knicks,NYK,knicks,240:00,18.31,33,45,75,389,1,2,271,19,22,34,0.647,22,50,0.44,0.524,24,28,0.857
22400081,1610612754,Indiana,Pacers,IND,pacers,240:00,18.61,19,44,62,456,8,4,335,28,23,34,0.676,18,49,0.367,0.494,16,26,0.615
22400088,1610612766,Charlotte,Hornets,CHA,hornets,240:00,18.7,31,57,85,370,0,6,245,20,17,33,0.515,22,56,0.393,0.438,16,27,0.593
22400088,1610612748,Miami,Heat,MIA,heat,240:00,18.76,34,62,93,388,3,2,264,33,14,32,0.438,26,54,0.481,0.465,14,23,0.609
22400095,1610612756,Phoenix,Suns,PHX,suns,240:00,17.67,14,58,71,430,7,2,311,26,14,28,0.5,22,52,0.423,0.45,13,22,0.591
22400095,1610612742,Dallas,Mavericks,DAL,mavericks,240:00,17.81,31,48,78,348,2,1,228,22,11,26,0.423,26,67,0.388,0.398,10,15,0.667
22400096,1610612747,Los Angeles,Lakers,LAL,lakers,240:00,18.27,29,53,81,437,5,1,307,32,19,40,0.475,29,52,0.558,0.522,21,25,0.84
22400096,1610612758,Sacramento,Kings,SAC,kings,240:00,18.85,21,52,72,398,4,3,282,32,21,27,0.778,24,61,0.393,0.511,21,35,0.6
22400091,1610612741,Chicago,Bulls,CHI,bulls,240:00,19.37,29,70,97,468,5,3,333,23,11,25,0.44,21,67,0.313,0.348,27,40,0.675
22400091,1610612760,Oklahoma City,Thunder,OKC,thunder,240:00,19.85,26,78,101,418,4,2,283,21,23,42,0.548,22,65,0.338,0.421,7,19,0.368
22400094,1610612759,San Antonio,Spurs,SAS,spurs,240:00,0.0,0,0,0,0,0,0,0,23,0,0,0.0,0,0,0.0,0.494,0,0,0.0
22400094,1610612745,Houston,Rockets,HOU,rockets,240:00,0.0,0,0,0,0,0,0,0,21,0,0,0.0,0,0,0.0,0.413,0,0,0.0
22400092,1610612763,Memphis,Grizzlies,MEM,grizzlies,240:00,19.61,22,58,76,410,3,1,287,38,16,28,0.571,30,58,0.517,0.535,13,19,0.684
22400092,1610612753,Orlando,Magic,ORL,magic,240:00,18.5,20,48,66,406,4,3,280,21,12,24,0.5,25,63,0.397,0.425,22,25,0.88
22400093,1610612750,Minnesota,Timberwolves,MIN,timberwolves,240:00,18.35,29,53,80,428,4,1,306,29,12,28,0.429,27,55,0.491,0.47,16,30,0.533
22400093,1610612761,Toronto,Raptors,TOR,raptors,240:00,18.9,30,57,84,423,1,2,296,29,16,40,0.4,25,50,0.5,0.456,18,25,0.72
22400090,1610612764,Washington,Wizards,WAS,wizards,240:00,19.72,39,47,84,448,6,3,311,25,17,40,0.425,20,56,0.357,0.385,18,25,0.72
22400090,1610612739,Cleveland,Cavaliers,CLE,cavaliers,240:00,19.34,28,63,87,399,0,6,266,27,16,31,0.516,31,57,0.544,0.534,18,27,0.667
22400089,1610612765,Detroit,Pistons,DET,pistons,240:00,17.86,28,62,90,384,3,3,268,27,12,28,0.429,31,60,0.517,0.489,10,21,0.476
22400089,1610612738,Boston,Celtics,BOS,celtics,240:00,17.22,31,53,82,393,4,2,268,19,11,31,0.355,27,59,0.458,0.422,20,27,0.741
22400087,1610612743,Denver,Nuggets,DEN,nuggets,240:00,17.52,27,47,72,408,2,4,282,20,11,33,0.333,24,54,0.444,0.402,13,18,0.722
22400087,1610612746,LA,Clippers,LAC,clippers,240:00,17.46,21,64,84,460,9,1,338,30,22,35,0.629,18,47,0.383,0.488,11,25,0.44
22400100,1610612760,Oklahoma City,Thunder,OKC,thunder,240:00,18.68,24,56,76,364,4,5,239,26,15,25,0.6,29,64,0.453,0.494,16,33,0.485
22400100,1610612737,Atlanta,Hawks,ATL,hawks,240:00,19.03,41,53,89,467,3,4,334,24,19,47,0.404,17,44,0.386,0.396,21,25,0.84
22400101,1610612744,Golden State,Warriors,GSW,warriors,240:00,18.61,24,49,70,414,3,2,286,19,14,32,0.438,23,55,0.418,0.432,21,30,0.7
22400101,1610612746,LA,Clippers,LAC,clippers,240:00,18.24,30,54,80,404,4,0,278,27,21,36,0.583,21,50,0.42,0.467,12,27,0.444
22400099,1610612757,Portland,Trail Blazers,POR,blazers,240:00,18.29,44,58,100,422,2,5,291,25,19,41,0.463,24,52,0.462,0.462,18,24,0.75
22400099,1610612740,New Orleans,Pelicans,NOP,pelicans,240:00,18.36,41,52,90,404,2,1,281,24,16,33,0.485,22,55,0.4,0.432,21,40,0.525
22400097,1610612754,Indiana,Pacers,IND,pacers,265:00,21.13,20,74,92,465,5,6,341,28,15,32,0.469,24,51,0.471,0.464,22,33,0.667
22400097,1610612755,Philadelphia,76ers,PHI,sixers,265:00,20.95,40,61,97,432,4,1,286,15,24,39,0.615,18,59,0.305,0.429,19,28,0.679
22400098,1610612751,Brooklyn,Nets,BKN,nets,240:00,18.8,28,49,75,427,4,3,305,23,15,34,0.441,24,57,0.421,0.429,11,15,0.733
22400098,1610612749,Milwaukee,Bucks,MIL,bucks,240:00,18.17,15,53,66,394,2,2,275,20,14,25,0.56,19,49,0.388,0.446,16,28,0.571
22400111,1610612756,Phoenix,Suns,PHX,suns,240:00,17.64,26,57,81,398,9,2,277,21,12,29,0.414,28,58,0.483,0.46,18,31,0.581
22400111,1610612747,Los Angeles,Lakers,LAL,lakers,240:00,17.58,28,55,80,414,2,0,291,25,19,39,0.487,20,52,0.385,0.415,10,19,0.526
22400109,1610612759,San Antonio,Spurs,SAS,spurs,240:00,17.85,34,56,87,388,3,2,264,22,15,34,0.441,22,53,0.415,0.425,11,26,0.423
22400109,1610612745,Houston,Rockets,HOU,rockets,240:00,17.74,33,58,89,405,1,2,284,20,10,26,0.385,25,59,0.424,0.412,18,34,0.529
22400110,1610612742,Dallas,Mavericks,DAL,mavericks,240:00,17.82,34,72,103,347,6,0,222,27,18,35,0.514,25,60,0.417,0.453,17,37,0.459
22400110,1610612762,Utah,Jazz,UTA,jazz,240:00,18.67,34,61,95,438,0,4,305,24,13,39,0.333,21,53,0.396,0.37,20,25,0.8
22400107,1610612761,Toronto,Raptors,TOR,raptors,265:00,21.39,37,65,99,537,1,3,389,30,27,54,0.5,22,55,0.4,0.45,21,40,0.525
22400107,1610612743,Denver,Nuggets,DEN,nuggets,265:00,20.17,31,62,91,461,5,3,319,29,18,43,0.419,29,53,0.547,0.49,25,42,0.595
22400108,1610612763,Memphis,Grizzlies,MEM,grizzlies,240:00,19.58,48,76,119,432,9,2,296,37,25,50,0.5,26,61,0.426,0.459,13,24,0.542
22400108,1610612741,Chicago,Bulls,CHI,bulls,240:00,19.16,23,68,91,489,5,2,356,36,14,34,0.412,31,66,0.47,0.45,24,35,0.686
22400103,1610612737,Atlanta,Hawks,ATL,hawks,240:00,19.03,19,54,72,430,3,3,304,32,11,29,0.379,28,52,0.538,0.481,11,21,0.524
22400103,1610612764,Washington,Wizards,WAS,wizards,240:00,19.22,27,48,72,405,1,3,276,24,8,28,0.286,33,63,0.524,0.451,15,21,0.714
22400106,1610612752,New York,Knicks,NYK,knicks,240:00,18.33,29,52,80,415,3,1,288,22,17,40,0.425,23,50,0.46,0.444,17,24,0.708
22400106,1610612739,Cleveland,Cavaliers,CLE,cavaliers,240:00,18.18,20,54,72,368,3,4,250,21,20,39,0.513,19,43,0.442,0.476,16,28,0.571
22400105,1610612748,Miami,Heat,MIA,heat,240:00,18.65,20,57,77,398,2,2,280,24,12,27,0.444,26,61,0.426,0.432,14,31,0.452
22400105,1610612765,Detroit,Pistons,DET,pistons,240:00,18.26,35,63,96,374,1,3,248,14,16,39,0.41,19,52,0.365,0.385,14,24,0.583
22400104,1610612738,Boston,Celtics,BOS,celtics,240:00,17.41,19,54,69,427,4,3,306,24,14,30,0.467,29,57,0.509,0.494,17,24,0.708
22400104,1610612749,Milwaukee,Bucks,MIL,bucks,240:00,17.71,27,49,73,367,0,1,253,18,17,30,0.567,20,52,0.385,0.451,16,24,0.667
22400102,1610612753,Orlando,Magic,ORL,magic,240:00,18.14,29,55,81,394,6,4,275,26,10,25,0.4,29,58,0.5,0.47,13,24,0.542
22400102,1610612754,Indiana,Pacers,IND,pacers,240:00,19.12,33,54,83,435,2,3,308,25,15,32,0.469,26,56,0.464,0.466,14,24,0.583
22400112,1610612758,Sacramento,Kings,SAC,kings,240:00,18.98,18,51,67,426,4,4,306,25,10,23,0.435,27,58,0.466,0.457,19,34,0.559
22400112,1610612757,Portland,Trail Blazers,POR,blazers,240:00,18.74,26,46,71,426,3,1,296,17,20,41,0.488,15,42,0.357,0.422,7,11,0.636
22400062,1610612747,Los Angeles,Lakers,LAL,lakers,240:00,17.42,27,62,85,461,4,5,334,22,21,40,0.525,21,55,0.382,0.442,14,23,0.609
22400062,1610612750,Minnesota,Timberwolves,MIN,timberwolves,240:00,18.11,37,56,91,393,1,1,271,17,10,26,0.385,25,59,0.424,0.412,25,35,0.714
22400077,1610612753,Orlando,Magic,ORL,magic,240:00,17.98,15,56,69,403,5,2,283,28,16,27,0.593,23,48,0.479,0.52,14,24,0.583
22400077,1610612751,Brooklyn,Nets,BKN,nets,240:00,18.61,28,48,73,399,3,1,280,22,12,29,0.414,23,54,0.426,0.422,19,27,0.704
22400116,1610612744,Golden State,Warriors,GSW,warriors,240:00,18.85,31,46,73,478,5,4,362,34,17,40,0.425,29,57,0.509,0.474,11,20,0.55
22400116,1610612740,New Orleans,Pelicans,NOP,pelicans,240:00,18.57,17,55,72,412,2,2,291,23,19,37,0.514,21,37,0.568,0.541,18,30,0.6
22400115,1610612762,Utah,Jazz,UTA,jazz,240:00,18.46,28,58,85,421,5,1,293,24,16,30,0.533,19,59,0.322,0.393,21,29,0.724
22400115,1610612758,Sacramento,Kings,SAC,kings,240:00,18.08,22,67,87,397,2,3,280,26,21,33,0.636,27,57,0.474,0.522,12,19,0.632
22400113,1610612751,Brooklyn,Nets,BKN,nets,265:00,21.12,32,59,86,482,7,1,353,37,21,35,0.6,28,61,0.459,0.51,22,37,0.595
22400113,1610612743,Denver,Nuggets,DEN,nuggets,265:00,19.86,26,56,81,410,5,4,286,31,20,41,0.488,26,48,0.542,0.517,20,26,0.769
22400114,1610612750,Minnesota,Timberwolves,MIN,timberwolves,240:00,17.94,23,55,74,406,2,1,286,33,13,22,0.591,26,55,0.473,0.506,13,17,0.765
22400114,1610612742,Dallas,Mavericks,DAL,mavericks,240:00,17.46,25,48,71,348,1,2,229,25,17,35,0.486,28,58,0.483,0.484,12,16,0.75
22400120,1610612755,Philadelphia,76ers,PHI,sixers,240:00,17.59,19,52,69,375,2,2,269,17,14,33,0.424,19,46,0.413,0.418,17,21,0.81
22400120,1610612765,Detroit,Pistons,DET,pistons,240:00,17.48,24,60,80,391,2,4,279,23,19,35,0.543,17,43,0.395,0.462,11,23,0.478
22400117,1610612766,Charlotte,Hornets,CHA,hornets,240:00,19.33,33,49,79,428,5,2,300,31,21,39,0.538,28,55,0.509,0.521,30,39,0.769
22400117,1610612761,Toronto,Raptors,TOR,raptors,240:00,19.59,33,46,76,421,1,6,292,37,25,37,0.676,27,54,0.5,0.571,17,27,0.63
22400119,1610612754,Indiana,Pacers,IND,pacers,265:00,20.67,35,80,113,499,3,7,355,33,17,37,0.459,33,67,0.493,0.481,18,38,0.474
22400119,1610612738,Boston,Celtics,BOS,celtics,265:00,19.69,45,67,110,452,1,4,303,23,12,33,0.364,32,76,0.421,0.404,20,33,0.606
22400122,1610612748,Miami,Heat,MIA,heat,240:00,18.32,19,47,65,372,2,2,263,27,13,27,0.481,24,54,0.444,0.457,13,18,0.722
22400122,1610612752,New York,Knicks,NYK,knicks,240:00,18.03,20,51,69,402,4,0,290,30,15,30,0.5,25,52,0.481,0.488,11,16,0.688
22400118,1610612739,Cleveland,Cavaliers,CLE,cavaliers,240:00,18.69,17,42,57,407,5,1,288,37,26,36,0.722,30,61,0.492,0.577,22,30,0.733
22400118,1610612747,Los Angeles,Lakers,LAL,lakers,240:00,18.33,15,45,59,427,2,2,305,21,24,39,0.615,14,38,0.368,0.494,24,33,0.727
22400121,1610612764,Washington,Wizards,WAS,wizards,240:00,19.07,13,53,66,401,5,5,280,32,17,31,0.548,30,57,0.526,0.534,24,31,0.774
22400121,1610612737,Atlanta,Hawks,ATL,hawks,240:00,18.98,29,53,81,435,3,3,300,28,23,44,0.523,22,51,0.431,0.474,23,30,0.767
22400123,1610612741,Chicago,Bulls,CHI,bulls,240:00,18.34,19,62,80,407,4,4,285,23,15,34,0.441,21,50,0.42,0.429,18,24,0.75
22400123,1610612753,Orlando,Magic,ORL,magic,240:00,17.82,20,60,77,399,3,5,285,25,15,24,0.625,20,62,0.323,0.407,13,23,0.565
22400125,1610612760,Oklahoma City,Thunder,OKC,thunder,240:00,18.34,17,52,69,365,6,1,256,28,16,28,0.571,25,61,0.41,0.461,16,30,0.533
22400125,1610612759,San Antonio,Spurs,SAS,spurs,240:00,18.46,27,69,94,453,2,2,328,22,15,33,0.455,20,52,0.385,0.412,18,25,0.72
22400126,1610612744,Golden State,Warriors,GSW,warriors,240:00,18.6,28,75,102,457,5,1,343,32,18,32,0.563,23,55,0.418,0.471,7,19,0.368
22400126,1610612740,New Orleans,Pelicans,NOP,pelicans,240:00,18.46,35,51,84,433,3,1,306,24,14,38,0.368,19,52,0.365,0.367,19,29,0.655
22400127,1610612746,LA,Clippers,LAC,clippers,240:00,17.41,28,63,89,413,3,4,291,26,15,31,0.484,26,59,0.441,0.456,17,29,0.586
22400127,1610612757,Portland,Trail Blazers,POR,blazers,240:00,17.95,30,60,84,393,0,0,270,19,19,43,0.442,22,49,0.449,0.446,16,27,0.593
22400124,1610612763,Memphis,Grizzlies,MEM,grizzlies,240:00,19.13,27,48,73,398,3,3,273,27,23,39,0.59,15,42,0.357,0.469,17,22,0.773
22400124,1610612751,Brooklyn,Nets,BKN,nets,240:00,18.67,20,43,61,427,4,3,308,27,14,23,0.609,27,57,0.474,0.513,22,29,0.759
22400129,1610612742,Dallas,Mavericks,DAL,mavericks,240:00,17.58,26,66,89,335,2,2,218,21,13,36,0.361,26,49,0.531,0.459,20,36,0.556
22400129,1610612745,Houston,Rockets,HOU,rockets,240:00,17.9,44,60,103,380,3,2,257,21,20,41,0.488,20,56,0.357,0.412,16,27,0.593
22400128,1610612763,Memphis,Grizzlies,MEM,grizzlies,240:00,19.52,22,63,79,387,4,3,262,26,19,29,0.655,24,53,0.453,0.524,21,29,0.724
22400128,1610612749,Milwaukee,Bucks,MIL,bucks,240:00,18.94,19,41,59,418,0,3,291,20,24,35,0.686,17,60,0.283,0.427,22,26,0.846
22400131,1610612746,LA,Clippers,LAC,clippers,240:00,18.14,27,55,78,421,4,1,293,27,16,29,0.552,29,64,0.453,0.484,11,19,0.579
22400131,1610612756,Phoenix,Suns,PHX,suns,240:00,17.87,23,53,72,406,8,3,285,29,16,30,0.533,26,52,0.5,0.512,18,26,0.692
22400130,1610612762,Utah,Jazz,UTA,jazz,240:00,18.53,34,67,100,392,2,1,270,19,19,39,0.487,13,42,0.31,0.39,15,26,0.577
22400130,1610612759,San Antonio,Spurs,SAS,spurs,240:00,18.03,23,57,79,411,2,5,291,25,11,27,0.407,27,65,0.415,0.413,16,26,0.615
22400139,1610612750,Minnesota,Timberwolves,MIN,timberwolves,240:00,18.35,29,54,79,417,4,2,301,34,18,28,0.643,25,55,0.455,0.518,18,32,0.563
22400139,1610612743,Denver,Nuggets,DEN,nuggets,240:00,17.74,35,57,91,439,3,3,312,30,19,38,0.5,22,54,0.407,0.446,16,20,0.8
22400140,1610612757,Portland,Trail Blazers,POR,blazers,240:00,18.97,28,44,70,415,1,2,290,27,19,42,0.452,20,41,0.488,0.47,19,29,0.655
22400140,1610612760,Oklahoma City,Thunder,OKC,thunder,240:00,19.05,29,55,79,414,6,1,286,31,16,27,0.593,35,68,0.515,0.537,13,26,0.5
22400137,1610612761,Toronto,Raptors,TOR,raptors,240:00,19.53,34,57,89,432,4,2,304,35,21,42,0.5,31,65,0.477,0.486,22,34,0.647
22400137,1610612747,Los Angeles,Lakers,LAL,lakers,240:00,18.14,26,64,89,436,7,4,307,29,20,35,0.571,22,53,0.415,0.477,25,41,0.61
22400135,1610612737,Atlanta,Hawks,ATL,hawks,240:00,18.52,21,52,72,454,1,1,330,30,16,29,0.552,25,62,0.403,0.446,18,32,0.563
22400135,1610612758,Sacramento,Kings,SAC,kings,240:00,18.6,27,63,86,414,7,4,289,28,18,31,0.581,25,58,0.431,0.483,17,27,0.63
22400132,1610612766,Charlotte,Hornets,CHA,hornets,240:00,18.18,27,53,80,336,1,1,217,20,20,36,0.556,22,55,0.4,0.462,20,29,0.69
22400132,1610612738,Boston,Celtics,BOS,celtics,240:00,17.31,31,54,84,374,3,1,250,21,21,35,0.6,20,51,0.392,0.477,15,23,0.652
22400138,1610612740,New Orleans,Pelicans,NOP,pelicans,240:00,18.84,29,57,84,414,0,1,286,28,23,43,0.535,26,58,0.448,0.485,20,27,0.741
22400138,1610612754,Indiana,Pacers,IND,pacers,240:00,18.81,23,55,77,457,5,2,341,35,14,25,0.56,32,64,0.5,0.517,23,36,0.639
22400133,1610612739,Cleveland,Cavaliers,CLE,cavaliers,240:00,18.85,30,69,93,375,3,3,252,25,17,32,0.531,27,55,0.491,0.506,16,29,0.552
22400133,1610612753,Orlando,Magic,ORL,magic,240:00,19.0,22,50,71,390,1,0,268,26,17,33,0.515,24,57,0.421,0.456,16,26,0.615
22400136,1610612751,Brooklyn,Nets,BKN,nets,240:00,19.12,23,65,84,428,4,2,309,34,24,40,0.6,25,54,0.463,0.521,14,24,0.583
22400136,1610612741,Chicago,Bulls,CHI,bulls,240:00,18.65,25,47,72,431,2,4,306,24,16,34,0.471,22,54,0.407,0.432,26,32,0.813
22400134,1610612765,Detroit,Pistons,DET,pistons,240:00,18.15,20,51,70,364,5,1,247,23,19,35,0.543,23,46,0.5,0.506,19,30,0.633
22400134,1610612752,New York,Knicks,NYK,knicks,240:00,18.04,31,49,79,433,4,1,311,31,15,36,0.417,37,65,0.569,0.515,16,24,0.667
22400146,1610612759,San Antonio,Spurs,SAS,spurs,240:00,17.84,24,50,69,391,1,4,279,32,15,24,0.625,28,59,0.475,0.518,18,27,0.667
22400146,1610612750,Minnesota,Timberwolves,MIN,timberwolves,240:00,17.86,17,48,63,398,1,3,287,21,17,32,0.531,22,49,0.449,0.476,16,21,0.762
22400145,1610612749,Milwaukee,Bucks,MIL,bucks,240:00,17.44,19,57,73,416,4,0,299,24,15,30,0.5,28,59,0.475,0.483,16,24,0.667
22400145,1610612739,Cleveland,Cavaliers,CLE,cavaliers,240:00,18.1,28,51,76,376,3,2,254,31,21,35,0.6,23,56,0.411,0.484,15,27,0.556
22400143,1610612761,Toronto,Raptors,TOR,raptors,265:00,21.19,27,63,87,464,1,4,328,31,21,41,0.512,25,54,0.463,0.484,20,29,0.69
22400143,1610612758,Sacramento,Kings,SAC,kings,265:00,20.79,31,55,83,467,6,3,321,21,20,36,0.556,26,64,0.406,0.46,20,33,0.606
22400149,1610612756,Phoenix,Suns,PHX,suns,240:00,17.82,27,82,109,445,3,4,316,29,11,29,0.379,24,64,0.375,0.376,14,26,0.538
22400149,1610612757,Portland,Trail Blazers,POR,blazers,240:00,18.23,38,80,115,368,2,1,241,17,13,46,0.283,24,65,0.369,0.333,6,11,0.545
22400144,1610612745,Houston,Rockets,HOU,rockets,265:00,20.55,44,47,82,439,3,0,298,27,19,43,0.442,24,63,0.381,0.411,14,21,0.667
22400144,1610612744,Golden State,Warriors,GSW,warriors,265:00,20.8,22,76,95,489,3,5,359,26,16,35,0.457,24,43,0.558,0.513,22,40,0.55
22400150,1610612746,LA,Clippers,LAC,clippers,240:00,17.77,22,52,73,430,2,4,309,23,18,35,0.514,14,44,0.318,0.405,11,22,0.5
22400150,1610612760,Oklahoma City,Thunder,OKC,thunder,240:00,18.22,25,60,81,348,2,1,238,25,13,32,0.406,23,52,0.442,0.429,12,19,0.632
22400148,1610612743,Denver,Nuggets,DEN,nuggets,240:00,17.28,29,49,75,441,3,3,300,33,19,40,0.475,29,59,0.492,0.485,14,18,0.778
22400148,1610612762,Utah,Jazz,UTA,jazz,240:00,18.35,28,48,71,462,1,7,343,24,14,29,0.483,18,47,0.383,0.416,19,33,0.576
22400142,1610612755,Philadelphia,76ers,PHI,sixers,240:00,18.54,22,49,68,438,2,1,311,22,13,29,0.448,23,60,0.383,0.404,25,35,0.714
22400142,1610612763,Memphis,Grizzlies,MEM,grizzlies,240:00,19.1,28,65,91,377,6,2,257,35,18,33,0.545,30,54,0.556,0.552,9,22,0.409
22400141,1610612766,Charlotte,Hornets,CHA,hornets,240:00,18.15,19,59,77,370,7,0,254,24,12,27,0.444,28,64,0.438,0.44,14,19,0.737
22400141,1610612738,Boston,Celtics,BOS,celtics,240:00,17.44,27,61,87,417,5,3,296,23,13,24,0.542,23,58,0.397,0.439,15,27,0.556
22400153,1610612742,Dallas,Mavericks,DAL,mavericks,240:00,18.11,25,73,96,367,0,2,241,25,17,34,0.5,25,50,0.5,0.494,15,26,0.577
22400153,1610612753,Orlando,Magic,ORL,magic,240:00,18.23,36,55,89,409,2,3,283,19,13,33,0.394,18,60,0.3,0.333,15,22,0.682
22400151,1610612751,Brooklyn,Nets,BKN,nets,240:00,18.11,16,50,62,405,0,1,300,23,10,27,0.37,22,44,0.5,0.451,17,22,0.773
22400151,1610612765,Detroit,Pistons,DET,pistons,240:00,17.54,34,51,81,400,6,4,280,25,14,25,0.56,23,52,0.442,0.481,10,16,0.625
22400152,1610612740,New Orleans,Pelicans,NOP,pelicans,240:00,18.33,33,41,73,422,3,1,296,22,11,28,0.393,28,62,0.452,0.433,24,34,0.706
22400152,1610612737,Atlanta,Hawks,ATL,hawks,240:00,17.8,18,54,71,371,4,1,256,29,22,36,0.611,27,51,0.529,0.568,7,21,0.333
22400165,1610612742,Dallas,Mavericks,DAL,mavericks,240:00,18.35,17,48,63,368,2,1,250,29,19,30,0.633,27,59,0.458,0.517,27,33,0.818
22400165,1610612754,Indiana,Pacers,IND,pacers,240:00,19.24,15,53,65,430,4,2,306,30,21,32,0.656,33,63,0.524,0.568,18,22,0.818
22400166,1610612743,Denver,Nuggets,DEN,nuggets,240:00,17.84,24,63,85,425,1,6,298,29,22,39,0.564,19,43,0.442,0.494,21,36,0.583
22400166,1610612761,Toronto,Raptors,TOR,raptors,240:00,19.12,36,47,81,469,7,2,336,38,23,45,0.511,24,57,0.421,0.456,22,34,0.647
22400167,1610612756,Phoenix,Suns,PHX,suns,240:00,17.63,16,55,70,393,2,3,274,24,19,31,0.613,23,51,0.451,0.512,11,17,0.647
22400167,1610612755,Philadelphia,76ers,PHI,sixers,240:00,18.04,24,44,66,405,4,1,287,27,8,23,0.348,32,64,0.5,0.46,17,21,0.81
22400160,1610612741,Chicago,Bulls,CHI,bulls,240:00,18.45,17,40,55,451,7,2,330,36,20,39,0.513,25,56,0.446,0.474,23,30,0.767
22400160,1610612762,Utah,Jazz,UTA,jazz,240:00,19.44,28,55,82,495,2,1,367,35,23,40,0.575,25,49,0.51,0.539,19,31,0.613
22400159,1610612748,Miami,Heat,MIA,heat,240:00,18.47,21,44,64,431,5,5,313,24,14,34,0.412,23,51,0.451,0.435,12,18,0.667
22400159,1610612758,Sacramento,Kings,SAC,kings,240:00,18.17,21,62,79,332,2,1,225,23,23,37,0.622,21,49,0.429,0.512,9,18,0.5
22400157,1610612737,Atlanta,Hawks,ATL,hawks,240:00,18.33,23,57,79,408,2,1,285,23,18,35,0.514,19,54,0.352,0.416,22,28,0.786
22400157,1610612738,Boston,Celtics,BOS,celtics,240:00,17.85,29,58,84,399,2,2,277,27,24,33,0.727,24,65,0.369,0.485,20,26,0.769
22400154,1610612739,Cleveland,Cavaliers,CLE,cavaliers,240:00,18.04,21,53,74,364,1,2,249,28,16,36,0.444,30,55,0.545,0.505,12,19,0.632
22400154,1610612749,Milwaukee,Bucks,MIL,bucks,240:00,18.27,25,66,86,426,3,2,309,21,15,22,0.682,27,64,0.422,0.488,20,25,0.8
22400162,1610612750,Minnesota,Timberwolves,MIN,timberwolves,240:00,18.44,20,70,89,408,2,1,291,23,12,26,0.462,27,53,0.509,0.494,15,22,0.682
22400162,1610612766,Charlotte,Hornets,CHA,hornets,240:00,18.67,25,49,73,394,1,0,273,19,13,33,0.394,22,55,0.4,0.398,14,20,0.7
22400168,1610612746,LA,Clippers,LAC,clippers,240:00,17.28,31,57,88,402,5,1,286,25,17,35,0.486,24,55,0.436,0.456,19,25,0.76
22400168,1610612759,San Antonio,Spurs,SAS,spurs,240:00,17.73,37,60,92,394,1,2,281,22,16,33,0.485,22,52,0.423,0.442,14,27,0.519
22400164,1610612740,New Orleans,Pelicans,NOP,pelicans,240:00,17.83,32,40,69,413,2,2,292,24,14,28,0.5,24,56,0.429,0.452,22,30,0.733
22400164,1610612757,Portland,Trail Blazers,POR,blazers,240:00,17.72,22,50,71,356,5,1,245,21,26,41,0.634,20,43,0.465,0.548,11,14,0.786
22400156,1610612765,Detroit,Pistons,DET,pistons,240:00,18.09,38,52,88,418,3,2,291,22,21,38,0.553,24,58,0.414,0.469,19,34,0.559
22400156,1610612747,Los Angeles,Lakers,LAL,lakers,240:00,17.5,17,53,69,405,1,5,285,28,20,44,0.455,17,41,0.415,0.435,19,27,0.704
22400161,1610612745,Houston,Rockets,HOU,rockets,240:00,17.41,33,66,96,373,3,2,258,21,22,37,0.595,21,51,0.412,0.489,16,30,0.533
22400161,1610612752,New York,Knicks,NYK,knicks,240:00,17.2,32,44,75,360,3,0,242,20,16,36,0.444,18,52,0.346,0.386,20,28,0.714
22400163,1610612760,Oklahoma City,Thunder,OKC,thunder,240:00,18.54,19,65,82,370,3,1,254,23,9,30,0.3,30,55,0.545,0.459,18,30,0.6
22400163,1610612753,Orlando,Magic,ORL,magic,240:00,18.33,29,52,81,406,4,4,283,20,16,34,0.471,13,48,0.271,0.354,12,26,0.462
22400158,1610612751,Brooklyn,Nets,BKN,nets,240:00,18.6,22,48,69,396,0,3,284,28,15,28,0.536,25,56,0.446,0.476,27,35,0.771
22400158,1610612763,Memphis,Grizzlies,MEM,grizzlies,240:00,18.83,27,53,79,386,4,2,262,29,23,37,0.622,20,54,0.37,0.473,18,29,0.621
22400155,1610612764,Washington,Wizards,WAS,wizards,240:00,19.05,26,53,76,406,2,2,286,29,14,32,0.438,28,64,0.438,0.438,21,36,0.583
22400155,1610612744,Golden State,Warriors,GSW,warriors,240:00,19.3,30,74,102,441,2,4,318,29,21,42,0.5,23,54,0.426,0.454,23,30,0.767
22400169,1610612766,Charlotte,Hornets,CHA,hornets,240:00,18.49,20,58,76,407,5,2,286,22,16,28,0.571,23,62,0.371,0.433,26,37,0.703
22400169,1610612765,Detroit,Pistons,DET,pistons,240:00,18.07,23,65,88,385,3,3,265,34,24,43,0.558,22,51,0.431,0.489,17,27,0.63
22400175,1610612740,New Orleans,Pelicans,NOP,pelicans,240:00,18.27,30,54,82,410,0,1,294,21,15,44,0.341,27,44,0.614,0.477,25,38,0.658
22400175,1610612739,Cleveland,Cavaliers,CLE,cavaliers,240:00,17.98,32,60,90,369,6,1,246,33,19,37,0.514,33,59,0.559,0.542,17,26,0.654
22400172,1610612738,Boston,Celtics,BOS,celtics,240:00,17.57,29,54,80,424,7,4,305,22,15,28,0.536,23,62,0.371,0.422,22,39,0.564
22400172,1610612744,Golden State,Warriors,GSW,warriors,240:00,17.98,25,62,84,394,2,3,274,22,20,42,0.476,22,49,0.449,0.462,11,17,0.647
22400174,1610612763,Memphis,Grizzlies,MEM,grizzlies,240:00,19.08,29,63,92,407,3,2,277,28,16,35,0.457,32,58,0.552,0.516,18,28,0.643
22400174,1610612747,Los Angeles,Lakers,LAL,lakers,240:00,18.35,28,47,71,411,3,3,286,23,12,24,0.5,29,69,0.42,0.441,19,28,0.679
22400176,1610612742,Dallas,Mavericks,DAL,mavericks,240:00,18.73,29,68,92,416,2,4,287,33,20,36,0.556,25,57,0.439,0.484,16,26,0.615
22400176,1610612741,Chicago,Bulls,CHI,bulls,240:00,18.94,24,56,79,482,6,1,352,25,17,29,0.586,19,57,0.333,0.419,26,34,0.765
22400173,1610612745,Houston,Rockets,HOU,rockets,240:00,18.18,21,53,71,368,2,1,244,28,17,34,0.5,37,62,0.597,0.563,21,33,0.636
22400173,1610612759,San Antonio,Spurs,SAS,spurs,240:00,18.37,25,56,77,402,1,1,282,20,16,35,0.457,21,48,0.438,0.446,25,42,0.595
22400178,1610612756,Phoenix,Suns,PHX,suns,240:00,17.78,13,56,69,395,4,2,275,29,14,25,0.56,28,59,0.475,0.5,16,29,0.552
22400178,1610612748,Miami,Heat,MIA,heat,240:00,18.81,36,47,81,420,3,1,301,27,14,37,0.378,26,55,0.473,0.435,13,18,0.722
22400179,1610612746,LA,Clippers,LAC,clippers,240:00,17.27,15,43,55,397,2,3,284,27,20,30,0.667,21,42,0.5,0.569,18,24,0.75
22400179,1610612755,Philadelphia,76ers,PHI,sixers,240:00,17.5,22,38,58,394,4,2,282,19,20,31,0.645,20,42,0.476,0.548,22,26,0.846
22400180,1610612758,Sacramento,Kings,SAC,kings,240:00,18.56,27,54,80,431,1,3,309,26,22,38,0.579,20,52,0.385,0.467,21,26,0.808
22400180,1610612761,Toronto,Raptors,TOR,raptors,240:00,18.86,22,54,76,439,2,0,325,25,25,37,0.676,18,51,0.353,0.489,20,27,0.741
22400177,1610612743,Denver,Nuggets,DEN,nuggets,240:00,18.41,28,71,94,463,3,7,328,34,20,39,0.513,22,50,0.44,0.472,20,37,0.541
22400177,1610612760,Oklahoma City,Thunder,OKC,thunder,240:00,18.96,30,54,82,428,5,2,293,29,12,26,0.462,32,74,0.432,0.44,18,30,0.6
22400170,1610612754,Indiana,Pacers,IND,pacers,240:00,18.37,19,54,67,463,1,5,353,21,11,22,0.5,30,54,0.556,0.539,24,36,0.667
22400170,1610612753,Orlando,Magic,ORL,magic,240:00,18.25,20,41,60,387,4,1,268,26,22,38,0.579,20,44,0.455,0.512,13,21,0.619
22400171,1610612737,Atlanta,Hawks,ATL,hawks,240:00,17.97,29,49,76,383,4,1,256,31,16,42,0.381,29,58,0.5,0.45,11,20,0.55
22400171,1610612752,New York,Knicks,NYK,knicks,240:00,17.95,19,59,76,398,7,3,280,29,15,26,0.577,26,58,0.448,0.488,21,34,0.618
22400183,1610612759,San Antonio,Spurs,SAS,spurs,240:00,17.88,18,46,62,441,2,5,323,35,18,26,0.692,26,56,0.464,0.537,14,25,0.56
22400183,1610612757,Portland,Trail Blazers,POR,blazers,240:00,18.25,26,48,71,402,4,0,285,23,17,34,0.5,24,52,0.462,0.477,23,26,0.885
22400182,1610612749,Milwaukee,Bucks,MIL,bucks,240:00,17.64,20,54,74,373,3,4,258,20,18,31,0.581,25,53,0.472,0.512,7,17,0.412
22400182,1610612762,Utah,Jazz,UTA,jazz,240:00,18.66,21,46,63,468,2,2,349,24,10,28,0.357,23,49,0.469,0.429,21,28,0.75
22400181,1610612741,Chicago,Bulls,CHI,bulls,240:00,18.32,18,38,54,442,3,1,326,30,18,30,0.6,29,58,0.5,0.534,23,34,0.676
22400181,1610612750,Minnesota,Timberwolves,MIN,timberwolves,240:00,18.15,29,50,78,371,4,0,251,29,26,41,0.634,25,53,0.472,0.548,18,27,0.667
22400192,1610612760,Oklahoma City,Thunder,OKC,thunder,240:00,18.58,19,54,71,342,2,2,229,24,17,28,0.607,29,62,0.468,0.511,17,35,0.486
22400192,1610612745,Houston,Rockets,HOU,rockets,240:00,18.56,34,57,87,411,0,5,280,19,24,49,0.49,15,41,0.366,0.433,15,22,0.682
22400184,1610612766,Charlotte,Hornets,CHA,hornets,240:00,18.25,41,70,107,396,2,2,277,23,9,24,0.375,29,66,0.439,0.422,14,24,0.583
22400184,1610612754,Indiana,Pacers,IND,pacers,240:00,18.16,26,55,80,404,1,0,296,24,16,36,0.444,17,47,0.362,0.398,14,19,0.737
22400191,1610612763,Memphis,Grizzlies,MEM,grizzlies,240:00,20.01,27,65,91,426,0,2,292,30,16,34,0.471,30,63,0.476,0.474,21,34,0.618
22400191,1610612764,Washington,Wizards,WAS,wizards,240:00,19.58,32,54,83,410,3,1,280,27,18,38,0.474,20,55,0.364,0.409,15,25,0.6
22400187,1610612738,Boston,Celtics,BOS,celtics,265:00,18.95,16,71,87,410,3,3,283,23,14,23,0.609,25,67,0.373,0.433,18,30,0.6
22400187,1610612751,Brooklyn,Nets,BKN,nets,265:00,19.97,29,64,91,448,2,0,320,24,16,44,0.364,25,55,0.455,0.41,13,18,0.722
22400189,1610612752,New York,Knicks,NYK,knicks,240:00,17.75,30,55,82,418,6,2,300,35,22,35,0.629,21,56,0.375,0.473,12,21,0.571
22400189,1610612749,Milwaukee,Bucks,MIL,bucks,240:00,17.85,21,59,78,353,4,3,236,20,16,28,0.571,20,55,0.364,0.434,21,28,0.75
22400190,1610612742,Dallas,Mavericks,DAL,mavericks,240:00,17.23,21,57,76,312,2,2,206,18,14,25,0.56,27,55,0.491,0.513,12,19,0.632
22400190,1610612756,Phoenix,Suns,PHX,suns,240:00,17.33,27,46,73,448,3,4,330,26,18,33,0.545,25,53,0.472,0.5,13,17,0.765
22400188,1610612739,Cleveland,Cavaliers,CLE,cavaliers,240:00,19.35,22,55,76,405,6,5,277,33,19,35,0.543,27,50,0.54,0.541,24,33,0.727
22400188,1610612744,Golden State,Warriors,GSW,warriors,240:00,19.75,30,44,72,468,4,1,338,32,23,43,0.535,24,55,0.436,0.48,16,23,0.696
22400185,1610612765,Detroit,Pistons,DET,pistons,240:00,18.27,27,57,81,389,2,2,260,27,23,41,0.561,21,45,0.467,0.512,20,33,0.606
22400185,1610612737,Atlanta,Hawks,ATL,hawks,240:00,18.7,38,48,83,413,3,3,282,30,17,48,0.354,27,49,0.551,0.454,13,18,0.722
22400186,1610612753,Orlando,Magic,ORL,magic,240:00,17.98,23,61,83,393,2,3,274,28,24,36,0.667,21,50,0.42,0.523,10,20,0.5
22400186,1610612740,New Orleans,Pelicans,NOP,pelicans,240:00,18.31,26,48,74,382,3,1,271,18,13,34,0.382,19,50,0.38,0.381,32,38,0.842
22400194,1610612743,Denver,Nuggets,DEN,nuggets,240:00,17.66,9,56,65,435,11,0,314,37,23,28,0.821,27,53,0.509,0.617,16,25,0.64
22400194,1610612748,Miami,Heat,MIA,heat,240:00,18.38,22,35,57,440,5,2,319,33,15,35,0.429,31,59,0.525,0.489,22,26,0.846
22400195,1610612747,Los Angeles,Lakers,LAL,lakers,240:00,17.72,18,62,76,425,1,2,306,28,25,43,0.581,19,42,0.452,0.518,23,38,0.605
22400195,1610612755,Philadelphia,76ers,PHI,sixers,240:00,18.07,35,48,81,407,3,3,293,28,18,43,0.419,20,52,0.385,0.406,18,29,0.621
22400193,1610612750,Minnesota,Timberwolves,MIN,timberwolves,240:00,18.28,33,70,100,411,6,1,282,32,16,36,0.444,31,61,0.508,0.485,26,39,0.667
22400193,1610612757,Portland,Trail Blazers,POR,blazers,240:00,18.52,30,55,83,387,2,2,263,13,17,37,0.459,22,54,0.407,0.429,16,23,0.696
22400196,1610612758,Sacramento,Kings,SAC,kings,240:00,18.37,12,49,59,401,3,5,292,19,19,26,0.731,18,52,0.346,0.474,11,18,0.611
22400196,1610612746,LA,Clippers,LAC,clippers,240:00,17.96,19,54,71,423,2,0,301,20,12,31,0.387,24,50,0.48,0.444,18,24,0.75
22400197,1610612759,San Antonio,Spurs,SAS,spurs,240:00,18.52,24,51,70,459,3,5,333,29,16,26,0.615,22,59,0.373,0.447,21,29,0.724
22400197,1610612762,Utah,Jazz,UTA,jazz,240:00,18.81,33,54,87,425,2,3,302,23,17,31,0.548,21,51,0.412,0.463,15,23,0.652
22400199,1610612739,Cleveland,Cavaliers,CLE,cavaliers,240:00,17.44,12,41,53,352,4,2,248,24,14,27,0.519,26,47,0.553,0.541,9,14,0.643
22400199,1610612751,Brooklyn,Nets,BKN,nets,240:00,18.17,19,45,61,439,1,0,324,21,9,19,0.474,25,57,0.439,0.447,20,29,0.69
22400198,1610612737,Atlanta,Hawks,ATL,hawks,240:00,19.22,27,58,83,416,2,7,292,31,21,44,0.477,20,45,0.444,0.461,18,30,0.6
22400198,1610612741,Chicago,Bulls,CHI,bulls,240:00,19.15,27,53,78,435,2,2,306,30,20,33,0.606,26,59,0.441,0.5,21,32,0.656
22400200,1610612746,LA,Clippers,LAC,clippers,240:00,18.0,20,71,86,397,3,0,280,18,14,27,0.519,21,49,0.429,0.461,20,31,0.645
22400200,1610612761,Toronto,Raptors,TOR,raptors,240:00,19.18,35,57,89,416,0,4,292,26,15,37,0.405,25,57,0.439,0.421,17,26,0.654
22400211,1610612747,Los Angeles,Lakers,LAL,lakers,240:00,17.57,25,53,77,435,3,4,317,30,23,37,0.622,21,49,0.429,0.512,13,20,0.65
22400211,1610612761,Toronto,Raptors,TOR,raptors,240:00,18.63,35,46,79,419,0,2,299,26,18,31,0.581,19,51,0.373,0.451,25,34,0.735
22400203,1610612754,Indiana,Pacers,IND,pacers,240:00,18.59,24,47,68,411,4,1,292,27,13,21,0.619,32,67,0.478,0.511,24,32,0.75
22400203,1610612752,New York,Knicks,NYK,knicks,240:00,18.26,22,55,74,393,3,2,278,23,23,35,0.657,23,48,0.479,0.554,14,20,0.7
22400207,1610612760,Oklahoma City,Thunder,OKC,thunder,240:00,18.64,32,60,91,416,4,2,289,25,15,33,0.455,27,61,0.443,0.447,17,34,0.5
22400207,1610612744,Golden State,Warriors,GSW,warriors,240:00,18.43,29,57,84,437,9,2,310,35,19,40,0.475,26,49,0.531,0.506,19,29,0.655
22400206,1610612750,Minnesota,Timberwolves,MIN,timberwolves,240:00,18.5,37,61,96,463,6,2,332,22,17,36,0.472,18,52,0.346,0.398,13,21,0.619
22400206,1610612748,Miami,Heat,MIA,heat,240:00,18.89,21,61,81,398,2,3,277,18,15,32,0.469,19,45,0.422,0.442,18,29,0.621
22400201,1610612765,Detroit,Pistons,DET,pistons,240:00,17.73,21,67,86,367,1,1,246,21,21,38,0.553,14,44,0.318,0.429,17,25,0.68
22400201,1610612745,Houston,Rockets,HOU,rockets,240:00,17.7,35,61,93,367,1,3,245,19,13,29,0.448,25,64,0.391,0.409,17,26,0.654
22400209,1610612756,Phoenix,Suns,PHX,suns,265:00,20.35,30,59,86,480,3,2,342,30,18,29,0.621,27,76,0.355,0.419,14,20,0.7
22400209,1610612758,Sacramento,Kings,SAC,kings,265:00,20.52,19,79,96,383,3,2,250,23,26,41,0.634,24,61,0.393,0.49,14,21,0.667
22400202,1610612749,Milwaukee,Bucks,MIL,bucks,240:00,17.61,12,56,67,400,1,2,283,21,12,22,0.545,26,58,0.448,0.481,11,22,0.5
22400202,1610612738,Boston,Celtics,BOS,celtics,240:00,17.11,20,57,75,383,6,2,264,27,13,38,0.342,22,48,0.458,0.407,13,16,0.813
22400208,1610612743,Denver,Nuggets,DEN,nuggets,240:00,17.21,24,51,71,438,2,5,317,35,20,36,0.556,25,53,0.472,0.506,20,25,0.8
22400208,1610612742,Dallas,Mavericks,DAL,mavericks,240:00,17.33,31,51,79,378,5,5,259,29,22,33,0.667,26,57,0.456,0.533,17,29,0.586
22400205,1610612755,Philadelphia,76ers,PHI,sixers,265:00,19.54,17,68,81,434,1,2,309,24,21,37,0.568,18,47,0.383,0.464,13,18,0.722
22400205,1610612766,Charlotte,Hornets,CHA,hornets,265:00,20.03,40,56,95,432,2,1,296,22,13,26,0.5,23,69,0.333,0.379,19,27,0.704
22400210,1610612757,Portland,Trail Blazers,POR,blazers,240:00,19.5,39,42,80,423,0,1,289,18,21,41,0.512,13,59,0.22,0.34,12,17,0.706
22400210,1610612763,Memphis,Grizzlies,MEM,grizzlies,240:00,19.93,24,79,102,464,7,4,336,32,14,22,0.636,33,63,0.524,0.553,24,37,0.649
22400204,1610612753,Orlando,Magic,ORL,magic,240:00,18.24,30,49,78,436,6,2,312,25,17,30,0.567,24,61,0.393,0.451,14,17,0.824
22400204,1610612764,Washington,Wizards,WAS,wizards,240:00,18.18,23,53,73,373,1,5,258,20,15,25,0.6,18,47,0.383,0.458,18,26,0.692
22400215,1610612760,Oklahoma City,Thunder,OKC,thunder,240:00,18.64,25,40,63,379,0,1,261,31,14,26,0.538,33,65,0.508,0.516,19,31,0.613
22400215,1610612746,LA,Clippers,LAC,clippers,240:00,17.75,21,48,67,431,7,0,300,31,18,34,0.529,26,46,0.565,0.55,21,30,0.7
22400214,1610612740,New Orleans,Pelicans,NOP,pelicans,240:00,18.19,29,48,77,392,5,1,270,31,14,33,0.424,28,61,0.459,0.447,11,18,0.611
22400214,1610612751,Brooklyn,Nets,BKN,nets,240:00,18.13,23,54,77,395,5,3,277,24,8,24,0.333,28,60,0.467,0.429,20,29,0.69
22400212,1610612741,Chicago,Bulls,CHI,bulls,240:00,18.51,23,62,81,417,5,3,293,26,16,29,0.552,27,58,0.466,0.494,19,26,0.731
22400212,1610612739,Cleveland,Cavaliers,CLE,cavaliers,240:00,18.65,31,53,81,405,2,4,283,26,22,38,0.579,21,59,0.356,0.443,16,24,0.667
22400213,1610612745,Houston,Rockets,HOU,rockets,240:00,18.16,27,53,78,372,1,2,241,13,18,35,0.514,22,52,0.423,0.46,12,24,0.5
22400213,1610612764,Washington,Wizards,WAS,wizards,240:00,18.63,22,50,71,417,0,1,287,21,13,35,0.371,23,53,0.434,0.409,23,30,0.767
22400216,1610612759,San Antonio,Spurs,SAS,spurs,240:00,17.99,19,62,80,409,2,0,296,31,13,27,0.481,30,57,0.526,0.506,14,26,0.538
22400216,1610612758,Sacramento,Kings,SAC,kings,240:00,17.88,18,55,73,404,3,0,291,18,11,29,0.379,28,62,0.452,0.429,12,19,0.632
22400001,1610612738,Boston,Celtics,BOS,celtics,240:00,17.38,25,53,76,405,5,5,293,28,10,19,0.526,28,56,0.5,0.507,23,34,0.676
22400001,1610612737,Atlanta,Hawks,ATL,hawks,240:00,18.04,35,49,81,426,6,4,298,35,22,40,0.55,28,60,0.467,0.505,11,14,0.786
22400008,1610612757,Portland,Trail Blazers,POR,blazers,240:00,18.37,26,37,63,435,4,0,308,30,19,38,0.5,24,46,0.522,0.512,12,17,0.706
22400008,1610612750,Minnesota,Timberwolves,MIN,timberwolves,240:00,18.14,12,44,55,387,5,2,271,22,17,25,0.68,20,48,0.417,0.507,18,34,0.529
22400007,1610612744,Golden State,Warriors,GSW,warriors,240:00,19.05,30,58,83,469,9,4,334,29,20,35,0.571,25,59,0.424,0.479,18,25,0.72
22400007,1610612742,Dallas,Mavericks,DAL,mavericks,240:00,18.35,23,55,74,397,2,4,279,26,26,39,0.667,18,45,0.4,0.524,17,29,0.586
22400006,1610612762,Utah,Jazz,UTA,jazz,240:00,18.43,25,52,76,487,2,2,367,32,20,42,0.476,25,50,0.5,0.489,13,23,0.565
22400006,1610612756,Phoenix,Suns,PHX,suns,240:00,17.74,24,46,69,364,5,3,252,21,9,20,0.45,34,66,0.515,0.5,24,32,0.75
22400005,1610612749,Milwaukee,Bucks,MIL,bucks,240:00,18.11,32,70,99,463,4,3,342,25,19,33,0.576,19,61,0.311,0.404,13,33,0.394
22400005,1610612761,Toronto,Raptors,TOR,raptors,240:00,18.64,35,73,106,426,2,2,295,20,14,45,0.311,16,40,0.4,0.349,13,20,0.65
22400004,1610612755,Philadelphia,76ers,PHI,sixers,240:00,17.76,21,52,73,411,2,4,298,19,11,26,0.423,20,57,0.351,0.373,22,32,0.688
22400004,1610612752,New York,Knicks,NYK,knicks,240:00,18.34,19,65,84,387,5,1,263,31,18,36,0.5,26,53,0.491,0.494,13,22,0.591
22400002,1610612765,Detroit,Pistons,DET,pistons,265:00,20.08,29,70,97,449,5,3,312,32,21,41,0.512,22,51,0.431,0.467,17,27,0.63
22400002,1610612748,Miami,Heat,MIA,heat,265:00,20.65,22,51,72,437,2,0,308,25,23,42,0.548,24,59,0.407,0.465,19,25,0.76
22400003,1610612753,Orlando,Magic,ORL,magic,240:00,18.55,23,56,77,404,4,2,284,25,15,26,0.577,28,67,0.418,0.462,15,22,0.682
22400003,1610612766,Charlotte,Hornets,CHA,hornets,240:00,18.62,31,62,90,385,1,2,259,22,12,28,0.429,22,56,0.393,0.405,14,23,0.609
22400218,1610612751,Brooklyn,Nets,BKN,nets,240:00,18.2,12,48,57,378,4,1,270,26,14,27,0.519,26,52,0.5,0.506,18,22,0.818
22400218,1610612738,Boston,Celtics,BOS,celtics,240:00,17.59,28,50,77,393,8,0,272,35,21,32,0.656,29,61,0.475,0.538,15,23,0.652
22400217,1610612753,Orlando,Magic,ORL,magic,240:00,17.73,27,58,84,409,3,0,285,26,13,30,0.433,21,55,0.382,0.405,10,23,0.435
22400217,1610612754,Indiana,Pacers,IND,pacers,240:00,17.98,28,52,80,428,2,1,309,22,9,32,0.281,23,52,0.442,0.381,17,28,0.607
22400220,1610612755,Philadelphia,76ers,PHI,sixers,240:00,18.14,22,55,76,425,3,1,304,24,14,28,0.5,27,64,0.422,0.446,17,28,0.607
22400220,1610612739,Cleveland,Cavaliers,CLE,cavaliers,240:00,18.04,22,53,74,363,4,2,247,25,14,28,0.5,28,57,0.491,0.494,11,20,0.55
22400224,1610612759,San Antonio,Spurs,SAS,spurs,240:00,18.87,18,50,67,430,7,2,305,38,17,26,0.654,31,66,0.47,0.522,18,28,0.643
22400224,1610612764,Washington,Wizards,WAS,wizards,240:00,19.0,21,52,72,393,5,1,267,27,13,29,0.448,36,66,0.545,0.516,18,23,0.783
22400227,1610612758,Sacramento,Kings,SAC,kings,240:00,18.81,18,67,82,407,6,1,298,38,20,28,0.714,30,50,0.6,0.641,15,27,0.556
22400227,1610612756,Phoenix,Suns,PHX,suns,240:00,18.48,37,34,68,460,5,3,332,23,17,36,0.472,19,61,0.311,0.371,19,26,0.731
22400226,1610612757,Portland,Trail Blazers,POR,blazers,240:00,18.48,34,64,96,372,2,3,249,17,17,35,0.486,21,48,0.438,0.458,19,33,0.576
22400226,1610612750,Minnesota,Timberwolves,MIN,timberwolves,240:00,18.36,31,41,72,395,2,1,273,16,19,39,0.487,18,55,0.327,0.394,22,35,0.629
22400222,1610612745,Houston,Rockets,HOU,rockets,240:00,18.38,31,63,93,394,4,4,268,28,18,40,0.45,24,57,0.421,0.433,17,36,0.472
22400222,1610612746,LA,Clippers,LAC,clippers,240:00,17.82,33,63,93,388,6,0,264,27,14,41,0.341,24,55,0.436,0.396,20,31,0.645
22400225,1610612747,Los Angeles,Lakers,LAL,lakers,240:00,18.29,23,55,75,433,3,1,311,31,14,25,0.56,29,60,0.483,0.506,15,23,0.652
22400225,1610612763,Memphis,Grizzlies,MEM,grizzlies,240:00,19.32,25,50,70,422,1,1,295,28,16,30,0.533,26,59,0.441,0.472,14,21,0.667
22400223,1610612749,Milwaukee,Bucks,MIL,bucks,265:00,19.46,18,62,80,421,3,6,290,26,16,39,0.41,29,56,0.518,0.474,19,35,0.543
22400223,1610612765,Detroit,Pistons,DET,pistons,265:00,19.77,28,55,81,417,7,0,282,29,20,47,0.426,26,53,0.491,0.46,15,30,0.5
22400221,1610612760,Oklahoma City,Thunder,OKC,thunder,240:00,18.34,25,57,81,329,0,1,222,20,12,25,0.48,27,63,0.429,0.443,14,21,0.667
22400221,1610612740,New Orleans,Pelicans,NOP,pelicans,240:00,18.42,42,65,105,446,4,3,310,21,16,35,0.457,18,51,0.353,0.395,16,22,0.727
22400219,1610612752,New York,Knicks,NYK,knicks,240:00,18.73,28,49,73,421,2,1,300,31,17,34,0.5,31,60,0.517,0.511,18,22,0.818
22400219,1610612741,Chicago,Bulls,CHI,bulls,240:00,18.53,16,55,69,414,5,2,290,31,16,24,0.667,28,58,0.483,0.537,19,28,0.679
22400228,1610612762,Utah,Jazz,UTA,jazz,240:00,17.92,32,55,86,426,2,2,310,25,17,39,0.436,26,44,0.591,0.506,23,30,0.767
22400228,1610612742,Dallas,Mavericks,DAL,mavericks,240:00,17.19,30,48,77,387,5,3,272,25,20,28,0.714,23,57,0.404,0.506,21,34,0.618
22400019,1610612744,Golden State,Warriors,GSW,warriors,240:00,19.63,40,73,110,497,2,8,356,33,14,34,0.412,29,64,0.453,0.439,23,35,0.657
22400019,1610612763,Memphis,Grizzlies,MEM,grizzlies,240:00,20.18,43,74,113,444,3,4,302,22,23,44,0.523,19,59,0.322,0.408,19,32,0.594
22400020,1610612758,Sacramento,Kings,SAC,kings,265:00,20.69,29,67,94,428,3,2,302,21,22,35,0.629,26,61,0.426,0.5,14,24,0.583
22400020,1610612750,Minnesota,Timberwolves,MIN,timberwolves,265:00,20.32,20,64,84,478,7,2,348,26,17,33,0.515,31,68,0.456,0.475,18,27,0.667
22400013,1610612739,Cleveland,Cavaliers,CLE,cavaliers,240:00,18.91,16,55,69,391,4,0,269,33,19,36,0.528,32,57,0.561,0.548,13,24,0.542
22400013,1610612741,Chicago,Bulls,CHI,bulls,240:00,18.93,22,54,74,450,7,3,326,32,12,25,0.48,33,63,0.524,0.511,21,31,0.677
22400014,1610612752,New York,Knicks,NYK,knicks,240:00,18.78,22,56,76,401,1,2,282,25,17,22,0.773,27,61,0.443,0.53,12,25,0.48
22400014,1610612751,Brooklyn,Nets,BKN,nets,240:00,19.01,23,49,71,429,4,0,305,27,10,27,0.37,29,62,0.468,0.438,17,21,0.81
22400011,1610612761,Toronto,Raptors,TOR,raptors,240:00,18.73,36,73,108,410,1,2,280,21,20,50,0.4,15,47,0.319,0.361,19,27,0.704
22400011,1610612765,Detroit,Pistons,DET,pistons,240:00,18.37,37,73,105,379,0,1,256,24,16,33,0.485,23,62,0.371,0.411,13,32,0.406
22400016,1610612745,Houston,Rockets,HOU,rockets,240:00,18.41,25,61,84,388,3,3,268,31,16,36,0.444,29,58,0.5,0.484,15,30,0.5
22400016,1610612746,LA,Clippers,LAC,clippers,240:00,18.04,33,63,94,400,3,2,270,12,20,44,0.455,14,46,0.304,0.378,22,31,0.71
22400012,1610612737,Atlanta,Hawks,ATL,hawks,240:00,19.36,30,72,100,411,3,4,279,28,20,38,0.526,26,60,0.433,0.469,15,30,0.5
22400012,1610612764,Washington,Wizards,WAS,wizards,240:00,19.48,33,58,88,452,4,4,306,28,15,44,0.341,28,62,0.452,0.406,21,33,0.636
22400010,1610612753,Orlando,Magic,ORL,magic,240:00,17.79,24,57,80,395,4,1,274,15,16,27,0.593,18,51,0.353,0.436,13,22,0.591
22400010,1610612755,Philadelphia,76ers,PHI,sixers,240:00,17.35,16,54,70,384,3,1,267,19,10,25,0.4,19,47,0.404,0.403,14,19,0.737
22400009,1610612754,Indiana,Pacers,IND,pacers,240:00,19.64,19,45,62,461,4,3,344,28,17,29,0.586,27,57,0.474,0.512,18,24,0.75
22400009,1610612748,Miami,Heat,MIA,heat,240:00,19.25,18,45,62,385,1,3,268,27,12,23,0.522,33,64,0.516,0.517,17,25,0.68
22400018,1610612760,Oklahoma City,Thunder,OKC,thunder,240:00,18.64,28,83,106,403,3,2,285,21,18,30,0.6,18,61,0.295,0.396,4,15,0.267
22400018,1610612756,Phoenix,Suns,PHX,suns,240:00,18.01,35,63,98,422,2,4,302,17,6,25,0.24,16,50,0.32,0.293,16,24,0.667
22400015,1610612759,San Antonio,Spurs,SAS,spurs,240:00,17.93,21,47,65,394,3,0,281,32,17,31,0.548,26,57,0.456,0.489,21,31,0.677
22400015,1610612747,Los Angeles,Lakers,LAL,lakers,240:00,17.47,20,51,70,424,3,3,304,27,20,34,0.588,24,54,0.444,0.5,17,24,0.708
22400017,1610612740,New Orleans,Pelicans,NOP,pelicans,240:00,17.99,28,62,89,427,1,2,305,21,16,35,0.457,21,52,0.404,0.425,23,34,0.676
22400017,1610612743,Denver,Nuggets,DEN,nuggets,240:00,17.22,22,58,79,380,3,1,266,26,18,32,0.563,19,55,0.345,0.425,15,25,0.6
22400230,1610612738,Boston,Celtics,BOS,celtics,265:00,18.97,36,56,88,434,5,2,309,30,18,32,0.563,26,67,0.388,0.444,25,41,0.61
22400230,1610612761,Toronto,Raptors,TOR,raptors,265:00,19.72,31,68,98,418,3,3,291,35,29,54,0.537,21,44,0.477,0.51,17,23,0.739
22400232,1610612742,Dallas,Mavericks,DAL,mavericks,240:00,18.18,26,72,97,415,1,2,292,26,20,39,0.513,24,55,0.436,0.468,11,22,0.5
22400232,1610612759,San Antonio,Spurs,SAS,spurs,240:00,18.43,30,62,90,443,0,5,320,21,10,30,0.333,18,58,0.31,0.318,22,36,0.611
22400231,1610612740,New Orleans,Pelicans,NOP,pelicans,240:00,17.56,35,55,87,391,3,3,274,24,12,25,0.48,23,58,0.397,0.422,20,30,0.667
22400231,1610612747,Los Angeles,Lakers,LAL,lakers,240:00,16.87,32,54,85,401,6,1,278,24,20,33,0.606,19,56,0.339,0.438,14,21,0.667
22400233,1610612758,Sacramento,Kings,SAC,kings,240:00,18.65,29,44,67,421,4,1,304,24,14,18,0.778,27,64,0.422,0.506,11,23,0.478
22400233,1610612762,Utah,Jazz,UTA,jazz,240:00,18.49,23,47,69,409,2,3,292,16,17,34,0.5,20,41,0.488,0.493,12,16,0.75
22400229,1610612766,Charlotte,Hornets,CHA,hornets,240:00,18.19,27,54,79,387,4,1,264,25,20,36,0.556,21,57,0.368,0.441,19,28,0.679
22400229,1610612749,Milwaukee,Bucks,MIL,bucks,240:00,18.24,18,52,70,430,5,3,313,31,19,33,0.576,28,58,0.483,0.511,17,28,0.607
22400239,1610612757,Portland,Trail Blazers,POR,blazers,240:00,18.06,37,51,86,429,2,1,283,31,18,36,0.5,27,61,0.443,0.463,21,31,0.677
22400239,1610612737,Atlanta,Hawks,ATL,hawks,240:00,17.39,34,51,84,429,4,3,282,30,17,40,0.425,21,46,0.457,0.459,22,33,0.667
22400237,1610612764,Washington,Wizards,WAS,wizards,240:00,18.79,12,56,67,387,2,3,267,21,18,38,0.474,21,45,0.467,0.47,18,27,0.667
22400237,1610612765,Detroit,Pistons,DET,pistons,240:00,18.73,24,51,72,405,1,1,280,27,15,39,0.385,31,58,0.534,0.474,10,20,0.5
22400235,1610612754,Indiana,Pacers,IND,pacers,240:00,18.66,21,64,85,411,4,0,301,30,17,32,0.531,27,53,0.509,0.518,8,19,0.421
22400235,1610612748,Miami,Heat,MIA,heat,240:00,18.68,31,46,75,431,2,2,309,21,7,25,0.28,29,65,0.446,0.4,21,27,0.778
22400238,1610612763,Memphis,Grizzlies,MEM,grizzlies,240:00,18.56,25,60,85,420,2,1,300,31,15,32,0.469,26,59,0.441,0.451,21,33,0.636
22400238,1610612743,Denver,Nuggets,DEN,nuggets,240:00,17.84,24,72,96,391,4,2,273,23,17,37,0.459,18,47,0.383,0.417,17,22,0.773
22400234,1610612750,Minnesota,Timberwolves,MIN,timberwolves,240:00,17.71,25,47,70,392,4,3,274,27,16,26,0.615,26,54,0.481,0.525,16,22,0.727
22400234,1610612756,Phoenix,Suns,PHX,suns,240:00,18.17,22,44,65,406,2,1,286,29,16,30,0.533,30,55,0.545,0.541,13,22,0.591
22400236,1610612739,Cleveland,Cavaliers,CLE,cavaliers,240:00,18.23,22,66,88,381,4,4,263,26,24,35,0.686,20,42,0.476,0.571,15,28,0.536
22400236,1610612766,Charlotte,Hornets,CHA,hornets,240:00,18.72,40,41,80,461,6,0,334,34,13,29,0.448,29,74,0.392,0.408,23,30,0.767
22400243,1610612746,LA,Clippers,LAC,clippers,240:00,16.83,21,43,63,414,4,3,298,30,19,33,0.576,27,61,0.443,0.489,21,27,0.778
22400243,1610612762,Utah,Jazz,UTA,jazz,240:00,17.64,25,52,76,401,1,4,289,24,19,30,0.633,20,49,0.408,0.494,25,33,0.758
22400241,1610612741,Chicago,Bulls,CHI,bulls,240:00,19.94,33,56,84,479,1,1,333,26,13,36,0.361,23,71,0.324,0.336,29,45,0.644
22400241,1610612745,Houston,Rockets,HOU,rockets,240:00,19.78,30,76,105,399,5,3,262,34,23,42,0.548,32,63,0.508,0.524,13,30,0.433
22400240,1610612752,New York,Knicks,NYK,knicks,240:00,17.65,24,52,71,414,5,0,300,33,13,29,0.448,30,59,0.508,0.489,9,19,0.474
22400240,1610612751,Brooklyn,Nets,BKN,nets,240:00,18.17,24,51,72,393,4,2,286,31,8,24,0.333,24,51,0.471,0.421,14,21,0.667
22400242,1610612760,Oklahoma City,Thunder,OKC,thunder,240:00,18.29,16,47,61,406,7,5,286,29,17,26,0.654,26,61,0.426,0.494,16,29,0.552
22400242,1610612742,Dallas,Mavericks,DAL,mavericks,240:00,17.73,34,50,79,409,2,2,284,18,21,43,0.488,19,41,0.463,0.476,16,25,0.64
22400251,1610612746,LA,Clippers,LAC,clippers,240:00,18.05,22,61,80,407,2,3,293,29,12,37,0.324,23,45,0.511,0.427,18,26,0.692
22400251,1610612744,Golden State,Warriors,GSW,warriors,240:00,19.01,29,62,90,436,6,2,313,27,21,40,0.525,16,44,0.364,0.44,11,21,0.524
22400250,1610612758,Sacramento,Kings,SAC,kings,240:00,19.19,27,58,82,443,3,2,326,24,12,26,0.462,25,59,0.424,0.435,16,25,0.64
22400250,1610612737,Atlanta,Hawks,ATL,hawks,240:00,18.82,19,47,65,405,6,3,288,34,16,33,0.485,23,50,0.46,0.47,9,16,0.563
22400249,1610612756,Phoenix,Suns,PHX,suns,240:00,17.65,39,46,81,414,2,3,294,25,10,25,0.4,25,58,0.431,0.422,20,25,0.8
22400249,1610612753,Orlando,Magic,ORL,magic,240:00,17.71,22,50,69,394,2,2,287,28,17,27,0.63,22,49,0.449,0.513,14,22,0.636
22400248,1610612749,Milwaukee,Bucks,MIL,bucks,240:00,17.56,14,70,83,359,6,0,248,21,15,32,0.469,23,51,0.451,0.458,24,35,0.686
22400248,1610612745,Houston,Rockets,HOU,rockets,240:00,18.1,36,58,93,383,2,0,257,19,17,39,0.436,23,60,0.383,0.4,14,22,0.636
22400245,1610612748,Miami,Heat,MIA,heat,240:00,18.64,21,57,77,437,3,4,318,26,14,28,0.5,22,59,0.373,0.414,17,26,0.654
22400245,1610612755,Philadelphia,76ers,PHI,sixers,240:00,17.79,13,57,70,395,2,1,280,25,18,27,0.667,17,57,0.298,0.417,14,23,0.609
22400247,1610612761,Toronto,Raptors,TOR,raptors,240:00,20.07,27,59,84,429,1,3,300,27,24,39,0.615,24,43,0.558,0.585,22,29,0.759
22400247,1610612754,Indiana,Pacers,IND,pacers,240:00,19.59,32,34,63,492,3,5,364,29,15,33,0.455,29,66,0.439,0.444,25,34,0.735
22400246,1610612752,New York,Knicks,NYK,knicks,240:00,18.25,20,53,70,425,2,2,310,37,16,35,0.457,35,56,0.625,0.56,18,29,0.621
22400246,1610612764,Washington,Wizards,WAS,wizards,240:00,18.5,18,47,65,370,4,2,256,23,20,33,0.606,23,58,0.397,0.473,19,25,0.76
22400244,1610612765,Detroit,Pistons,DET,pistons,240:00,18.08,36,51,85,423,5,4,298,27,20,43,0.465,22,55,0.4,0.429,12,22,0.545
22400244,1610612741,Chicago,Bulls,CHI,bulls,240:00,18.19,21,64,81,431,5,1,311,28,7,19,0.368,37,72,0.514,0.484,14,27,0.519
22400025,1610612759,San Antonio,Spurs,SAS,spurs,240:00,17.95,23,69,92,435,7,1,314,32,15,28,0.536,24,55,0.436,0.47,14,25,0.56
22400025,1610612760,Oklahoma City,Thunder,OKC,thunder,240:00,18.28,38,61,94,363,4,0,238,24,16,31,0.516,25,69,0.362,0.41,15,24,0.625
22400024,1610612742,Dallas,Mavericks,DAL,mavericks,240:00,18.1,29,59,87,428,1,1,303,26,20,37,0.541,29,56,0.518,0.521,11,20,0.55
22400024,1610612740,New Orleans,Pelicans,NOP,pelicans,240:00,18.58,32,49,78,432,4,4,311,19,10,27,0.37,21,51,0.412,0.397,19,34,0.559
22400026,1610612747,Los Angeles,Lakers,LAL,lakers,240:00,17.76,19,44,62,441,5,3,326,30,16,26,0.615,26,49,0.531,0.553,24,33,0.727
22400026,1610612762,Utah,Jazz,UTA,jazz,240:00,18.52,25,45,68,399,2,1,279,28,23,40,0.575,22,50,0.44,0.5,19,26,0.731
22400023,1610612763,Memphis,Grizzlies,MEM,grizzlies,240:00,20.28,48,61,103,462,5,3,317,24,23,46,0.5,18,57,0.316,0.398,23,38,0.605
22400023,1610612743,Denver,Nuggets,DEN,nuggets,240:00,19.04,33,73,100,416,3,1,278,29,23,41,0.561,25,59,0.424,0.48,23,40,0.575
22400022,1610612751,Brooklyn,Nets,BKN,nets,240:00,18.31,22,46,67,467,1,2,344,31,14,30,0.467,28,55,0.509,0.494,11,23,0.478
22400022,1610612766,Charlotte,Hornets,CHA,hornets,240:00,18.21,25,56,79,382,2,4,257,25,10,29,0.345,28,53,0.528,0.463,19,31,0.613
22400021,1610612738,Boston,Celtics,BOS,celtics,240:00,17.26,24,47,70,386,4,2,271,32,11,26,0.423,33,60,0.55,0.512,20,27,0.741
22400021,1610612739,Cleveland,Cavaliers,CLE,cavaliers,240:00,17.83,25,50,72,345,4,2,229,30,20,35,0.571,26,58,0.448,0.495,13,26,0.5
22400255,1610612763,Memphis,Grizzlies,MEM,grizzlies,240:00,19.17,23,60,82,436,4,2,312,29,11,26,0.423,30,59,0.508,0.482,15,26,0.577
22400255,1610612755,Philadelphia,76ers,PHI,sixers,240:00,18.43,28,57,85,390,6,6,268,21,16,32,0.5,23,55,0.418,0.448,9,16,0.563
22400253,1610612749,Milwaukee,Bucks,MIL,bucks,240:00,17.8,16,54,69,397,4,2,287,30,18,27,0.667,26,53,0.491,0.55,9,14,0.643
22400253,1610612741,Chicago,Bulls,CHI,bulls,240:00,18.16,19,42,57,422,5,0,305,25,8,17,0.471,33,71,0.465,0.466,20,26,0.769
22400254,1610612745,Houston,Rockets,HOU,rockets,240:00,19.16,30,50,77,404,3,5,267,25,22,46,0.478,25,56,0.446,0.461,28,35,0.8
22400254,1610612754,Indiana,Pacers,IND,pacers,240:00,19.87,12,57,65,424,1,3,304,19,21,36,0.583,23,47,0.489,0.53,21,36,0.583
22400256,1610612760,Oklahoma City,Thunder,OKC,thunder,240:00,18.08,35,55,85,443,2,2,316,24,18,35,0.514,22,56,0.393,0.44,15,28,0.536
22400256,1610612757,Portland,Trail Blazers,POR,blazers,240:00,18.35,34,59,92,390,2,4,266,18,15,34,0.441,17,45,0.378,0.405,18,29,0.621
22400257,1610612756,Phoenix,Suns,PHX,suns,240:00,18.03,18,42,59,429,4,2,309,30,13,26,0.5,31,65,0.477,0.489,18,23,0.783
22400257,1610612752,New York,Knicks,NYK,knicks,240:00,18.06,15,50,62,389,6,2,268,30,20,27,0.741,30,59,0.508,0.581,13,17,0.765
22400258,1610612744,Golden State,Warriors,GSW,warriors,240:00,20.03,30,69,96,508,8,3,373,36,18,41,0.439,29,60,0.483,0.465,11,28,0.393
22400258,1610612737,Atlanta,Hawks,ATL,hawks,240:00,19.44,38,65,99,449,4,4,308,27,14,44,0.318,21,61,0.344,0.333,27,40,0.675
22400259,1610612746,LA,Clippers,LAC,clippers,240:00,17.46,28,46,73,391,2,1,270,22,14,37,0.378,23,39,0.59,0.494,17,25,0.68
22400259,1610612753,Orlando,Magic,ORL,magic,240:00,17.49,19,44,62,365,0,1,257,21,12,21,0.571,21,54,0.389,0.44,13,22,0.591
22400252,1610612739,Cleveland,Cavaliers,CLE,cavaliers,240:00,17.82,30,52,77,396,3,0,278,29,22,35,0.629,27,58,0.466,0.527,19,39,0.487
22400252,1610612740,New Orleans,Pelicans,NOP,pelicans,240:00,18.33,30,49,78,410,3,3,288,23,21,41,0.512,18,51,0.353,0.424,19,28,0.679
22400260,1610612766,Charlotte,Hornets,CHA,hornets,265:00,20.1,22,61,81,423,4,0,289,23,17,32,0.531,27,61,0.443,0.473,13,24,0.542
22400260,1610612765,Detroit,Pistons,DET,pistons,265:00,19.8,36,50,84,424,6,1,285,30,14,32,0.438,28,67,0.418,0.424,13,18,0.722
22400262,1610612759,San Antonio,Spurs,SAS,spurs,240:00,18.43,22,67,88,420,4,6,298,32,20,35,0.571,21,53,0.396,0.466,22,35,0.629
22400262,1610612762,Utah,Jazz,UTA,jazz,240:00,19.13,36,57,88,457,4,2,327,22,17,36,0.472,24,62,0.387,0.418,23,33,0.697
22400261,1610612761,Toronto,Raptors,TOR,raptors,240:00,18.82,23,63,82,409,0,6,291,22,13,29,0.448,24,43,0.558,0.514,17,23,0.739
22400261,1610612750,Minnesota,Timberwolves,MIN,timberwolves,240:00,18.31,29,46,68,392,2,2,271,16,15,26,0.577,18,54,0.333,0.413,22,27,0.815
22400263,1610612747,Los Angeles,Lakers,LAL,lakers,240:00,17.47,20,55,72,414,4,2,296,21,19,36,0.528,25,51,0.49,0.506,21,30,0.7
22400263,1610612753,Orlando,Magic,ORL,magic,240:00,18.01,40,54,90,377,3,3,259,31,19,39,0.487,24,52,0.462,0.473,21,27,0.778
22400028,1610612764,Washington,Wizards,WAS,wizards,240:00,18.34,31,60,86,388,2,2,259,19,21,42,0.5,18,48,0.375,0.433,13,20,0.65
22400028,1610612738,Boston,Celtics,BOS,celtics,240:00,17.74,25,59,83,394,3,3,268,22,14,21,0.667,22,64,0.344,0.424,18,32,0.563
22400027,1610612755,Philadelphia,76ers,PHI,sixers,240:00,17.73,31,48,79,393,3,3,278,25,13,31,0.419,28,61,0.459,0.446,17,19,0.895
22400027,1610612751,Brooklyn,Nets,BKN,nets,240:00,18.23,27,56,82,416,1,1,300,28,15,25,0.6,24,54,0.444,0.494,16,33,0.485
22400030,1610612741,Chicago,Bulls,CHI,bulls,240:00,19.12,17,65,79,455,6,4,331,36,20,30,0.667,29,56,0.518,0.57,24,40,0.6
22400030,1610612737,Atlanta,Hawks,ATL,hawks,240:00,19.46,32,41,73,473,5,4,332,32,19,45,0.422,30,62,0.484,0.458,19,26,0.731
22400031,1610612745,Houston,Rockets,HOU,rockets,240:00,18.2,36,73,106,380,4,2,247,27,17,40,0.425,25,53,0.472,0.452,15,26,0.577
22400031,1610612757,Portland,Trail Blazers,POR,blazers,240:00,18.82,39,56,91,421,4,1,295,17,15,38,0.395,15,53,0.283,0.33,22,35,0.629
22400032,1610612740,New Orleans,Pelicans,NOP,pelicans,240:00,18.71,35,55,86,468,3,1,344,28,14,26,0.538,27,66,0.409,0.446,19,30,0.633
22400032,1610612744,Golden State,Warriors,GSW,warriors,240:00,18.78,39,60,92,433,7,3,311,27,17,34,0.5,22,53,0.415,0.448,15,21,0.714
22400029,1610612749,Milwaukee,Bucks,MIL,bucks,240:00,18.25,24,56,77,421,3,3,298,33,12,30,0.4,36,60,0.6,0.533,22,35,0.629
22400029,1610612754,Indiana,Pacers,IND,pacers,240:00,18.94,26,51,75,452,6,3,324,30,13,33,0.394,30,58,0.517,0.473,16,27,0.593
22400033,1610612743,Denver,Nuggets,DEN,nuggets,240:00,17.55,27,54,80,461,5,9,334,33,23,45,0.511,20,45,0.444,0.478,22,34,0.647
22400033,1610612742,Dallas,Mavericks,DAL,mavericks,240:00,17.68,34,64,92,398,4,5,274,24,26,45,0.578,20,46,0.435,0.505,19,32,0.594
22400034,1610612746,LA,Clippers,LAC,clippers,240:00,17.87,36,63,94,404,2,2,284,27,14,32,0.438,25,62,0.403,0.415,13,24,0.542
22400034,1610612758,Sacramento,Kings,SAC,kings,240:00,18.28,23,69,92,403,2,2,284,19,13,29,0.448,19,53,0.358,0.386,19,27,0.704
22400266,1610612741,Chicago,Bulls,CHI,bulls,240:00,18.97,21,43,62,431,1,0,306,29,22,40,0.55,27,57,0.474,0.505,23,29,0.793
22400266,1610612763,Memphis,Grizzlies,MEM,grizzlies,240:00,19.96,29,58,84,443,8,2,322,38,19,33,0.576,36,63,0.571,0.573,22,36,0.611
22400265,1610612753,Orlando,Magic,ORL,magic,240:00,17.82,32,52,82,415,1,5,292,25,17,34,0.5,23,53,0.434,0.46,12,21,0.571
22400265,1610612765,Detroit,Pistons,DET,pistons,240:00,17.75,23,52,74,361,1,2,247,16,17,37,0.459,18,38,0.474,0.467,20,29,0.69
22400269,1610612759,San Antonio,Spurs,SAS,spurs,240:00,18.19,26,67,89,417,4,3,305,29,12,17,0.706,26,68,0.382,0.447,17,33,0.515
22400269,1610612744,Golden State,Warriors,GSW,warriors,240:00,18.43,40,57,95,472,9,1,349,29,14,38,0.368,22,57,0.386,0.379,16,19,0.842
22400267,1610612745,Houston,Rockets,HOU,rockets,240:00,18.27,30,67,96,387,2,2,258,17,14,36,0.389,18,54,0.333,0.356,13,29,0.448
22400267,1610612757,Portland,Trail Blazers,POR,blazers,240:00,18.52,41,68,108,379,1,4,246,16,13,35,0.371,21,54,0.389,0.378,15,28,0.536
22400270,1610612747,Los Angeles,Lakers,LAL,lakers,240:00,17.65,21,35,51,430,6,1,313,27,14,23,0.609,25,65,0.385,0.443,25,31,0.806
22400270,1610612743,Denver,Nuggets,DEN,nuggets,240:00,17.63,13,61,73,425,2,5,304,37,22,31,0.71,28,51,0.549,0.61,17,23,0.739
22400264,1610612762,Utah,Jazz,UTA,jazz,240:00,18.53,25,70,95,426,3,2,300,30,17,41,0.415,27,46,0.587,0.506,12,23,0.522
22400264,1610612752,New York,Knicks,NYK,knicks,240:00,17.79,24,48,71,405,1,2,278,25,9,26,0.346,30,74,0.405,0.39,19,33,0.576
22400271,1610612738,Boston,Celtics,BOS,celtics,240:00,17.19,20,57,74,394,7,3,287,25,9,18,0.5,28,69,0.406,0.425,19,25,0.76
22400271,1610612750,Minnesota,Timberwolves,MIN,timberwolves,240:00,17.92,29,56,83,368,1,1,253,19,19,33,0.576,18,55,0.327,0.42,11,17,0.647
22400275,1610612739,Cleveland,Cavaliers,CLE,cavaliers,240:00,18.57,28,66,89,419,5,1,289,27,21,39,0.538,27,58,0.466,0.495,17,30,0.567
22400275,1610612761,Toronto,Raptors,TOR,raptors,240:00,19.01,42,62,102,433,2,3,297,22,14,35,0.4,23,57,0.404,0.402,22,33,0.667
22400276,1610612758,Sacramento,Kings,SAC,kings,240:00,18.17,26,48,70,417,3,1,297,21,19,33,0.576,18,44,0.409,0.481,11,16,0.688
22400276,1610612751,Brooklyn,Nets,BKN,nets,240:00,18.23,16,44,56,405,4,1,298,24,14,27,0.519,22,48,0.458,0.48,17,25,0.68
22400274,1610612755,Philadelphia,76ers,PHI,sixers,240:00,18.22,31,42,69,435,2,1,312,22,11,28,0.393,23,58,0.397,0.395,25,33,0.758
22400274,1610612746,LA,Clippers,LAC,clippers,240:00,17.72,22,65,86,388,5,4,276,31,17,27,0.63,30,54,0.556,0.58,21,28,0.75
22400284,1610612744,Golden State,Warriors,GSW,warriors,240:00,18.54,34,50,79,445,2,1,315,32,18,36,0.5,27,56,0.482,0.484,10,20,0.5
22400284,1610612751,Brooklyn,Nets,BKN,nets,240:00,18.95,19,62,78,411,6,1,295,23,13,30,0.433,28,52,0.538,0.494,22,32,0.688
22400285,1610612758,Sacramento,Kings,SAC,kings,240:00,18.39,27,39,64,410,4,2,293,24,23,39,0.59,19,48,0.396,0.483,16,21,0.762
22400285,1610612760,Oklahoma City,Thunder,OKC,thunder,240:00,18.43,33,52,83,399,1,1,282,28,20,33,0.606,28,53,0.528,0.558,18,24,0.75
22400283,1610612743,Denver,Nuggets,DEN,nuggets,240:00,17.67,20,42,61,411,2,4,289,23,16,38,0.421,25,54,0.463,0.446,24,26,0.923
22400283,1610612752,New York,Knicks,NYK,knicks,240:00,18.02,20,58,78,433,5,1,315,45,25,33,0.758,31,59,0.525,0.609,18,29,0.621
22400279,1610612754,Indiana,Pacers,IND,pacers,240:00,18.79,19,49,65,479,6,2,360,30,14,27,0.519,29,64,0.453,0.473,22,26,0.846
22400279,1610612740,New Orleans,Pelicans,NOP,pelicans,240:00,18.68,23,60,81,403,3,5,288,35,16,29,0.552,29,58,0.5,0.517,20,28,0.714
22400282,1610612763,Memphis,Grizzlies,MEM,grizzlies,240:00,19.38,32,85,114,414,8,2,284,35,20,38,0.526,24,48,0.5,0.494,17,37,0.459
22400282,1610612757,Portland,Trail Blazers,POR,blazers,240:00,19.3,38,55,92,440,3,4,311,22,19,47,0.404,14,54,0.259,0.333,24,33,0.727
22400280,1610612737,Atlanta,Hawks,ATL,hawks,240:00,18.66,21,51,72,411,4,2,280,32,24,46,0.522,24,55,0.436,0.475,19,28,0.679
22400280,1610612742,Dallas,Mavericks,DAL,mavericks,240:00,18.22,22,71,93,397,3,3,269,24,15,33,0.455,32,61,0.525,0.5,24,42,0.571
22400278,1610612765,Detroit,Pistons,DET,pistons,240:00,17.2,16,63,77,385,2,2,274,27,10,18,0.556,23,56,0.411,0.447,18,35,0.514
22400278,1610612761,Toronto,Raptors,TOR,raptors,240:00,17.73,37,49,84,423,5,1,293,26,19,47,0.404,20,55,0.364,0.394,14,20,0.7
22400039,1610612756,Phoenix,Suns,PHX,suns,240:00,18.36,20,53,73,412,4,0,291,31,15,31,0.484,36,68,0.529,0.515,16,26,0.615
22400039,1610612747,Los Angeles,Lakers,LAL,lakers,240:00,17.83,11,57,67,400,1,2,276,25,15,29,0.517,22,56,0.393,0.435,19,24,0.792
22400038,1610612762,Utah,Jazz,UTA,jazz,240:00,18.18,27,57,82,405,3,1,281,24,19,33,0.576,24,51,0.471,0.512,19,27,0.704
22400038,1610612759,San Antonio,Spurs,SAS,spurs,240:00,17.77,26,43,67,416,3,5,296,30,15,25,0.6,30,68,0.441,0.484,19,25,0.76
22400037,1610612750,Minnesota,Timberwolves,MIN,timberwolves,265:00,20.02,38,62,100,404,5,1,275,21,24,47,0.511,18,51,0.353,0.429,15,29,0.517
22400037,1610612745,Houston,Rockets,HOU,rockets,265:00,19.72,24,66,89,433,2,2,306,31,10,31,0.323,35,68,0.515,0.455,22,32,0.688
22400036,1610612748,Miami,Heat,MIA,heat,240:00,17.51,24,47,70,380,4,2,273,26,18,33,0.545,17,44,0.386,0.455,8,16,0.5
22400036,1610612749,Milwaukee,Bucks,MIL,bucks,240:00,17.05,16,46,59,389,3,0,284,23,4,19,0.211,32,58,0.552,0.468,17,30,0.567
22400035,1610612764,Washington,Wizards,WAS,wizards,240:00,19.31,29,50,77,423,3,2,301,27,13,29,0.448,26,62,0.419,0.429,20,34,0.588
22400035,1610612741,Chicago,Bulls,CHI,bulls,240:00,18.75,22,69,86,448,4,1,325,29,24,39,0.615,23,55,0.418,0.5,16,26,0.615
22400291,1610612764,Washington,Wizards,WAS,wizards,240:00,19.28,30,48,75,432,2,3,305,21,18,33,0.545,17,52,0.327,0.412,25,32,0.781
22400291,1610612746,LA,Clippers,LAC,clippers,240:00,18.43,25,55,80,390,3,1,264,27,27,45,0.6,18,44,0.409,0.506,14,25,0.56
22400286,1610612766,Charlotte,Hornets,CHA,hornets,240:00,18.8,37,55,90,413,2,1,286,22,9,23,0.391,28,75,0.373,0.378,14,21,0.667
22400286,1610612748,Miami,Heat,MIA,heat,240:00,18.46,16,74,89,397,0,3,283,21,13,26,0.5,20,47,0.426,0.452,9,17,0.529
22400288,1610612754,Indiana,Pacers,IND,pacers,240:00,18.22,37,52,86,408,5,3,283,27,17,38,0.447,29,56,0.518,0.489,18,29,0.621
22400288,1610612757,Portland,Trail Blazers,POR,blazers,240:00,18.25,35,50,83,415,6,0,286,31,15,34,0.441,29,53,0.547,0.506,18,31,0.581
22400293,1610612763,Memphis,Grizzlies,MEM,grizzlies,240:00,19.54,19,53,70,425,6,0,299,31,21,33,0.636,30,60,0.5,0.548,17,26,0.654
22400293,1610612765,Detroit,Pistons,DET,pistons,240:00,19.4,20,49,65,408,2,3,286,24,20,39,0.513,20,46,0.435,0.471,16,20,0.8
22400294,1610612750,Minnesota,Timberwolves,MIN,timberwolves,240:00,18.18,15,56,70,394,4,4,281,25,6,14,0.429,27,60,0.45,0.446,25,36,0.694
22400294,1610612758,Sacramento,Kings,SAC,kings,240:00,18.36,39,51,88,421,2,2,292,28,20,34,0.588,26,60,0.433,0.489,9,16,0.563
22400299,1610612744,Golden State,Warriors,GSW,warriors,240:00,18.69,39,65,99,503,4,3,373,25,14,39,0.359,21,59,0.356,0.357,15,20,0.75
22400299,1610612760,Oklahoma City,Thunder,OKC,thunder,240:00,18.69,31,87,113,407,3,1,285,26,17,29,0.586,22,56,0.393,0.459,14,25,0.56
22400297,1610612756,Phoenix,Suns,PHX,suns,240:00,18.2,15,46,61,393,5,1,275,25,17,26,0.654,24,51,0.471,0.532,17,24,0.708
22400297,1610612751,Brooklyn,Nets,BKN,nets,240:00,19.1,18,45,61,450,5,3,324,32,15,28,0.536,29,59,0.492,0.506,18,23,0.783
22400298,1610612762,Utah,Jazz,UTA,jazz,240:00,17.53,44,40,82,462,5,2,338,25,12,34,0.353,26,56,0.464,0.422,22,30,0.733
22400298,1610612743,Denver,Nuggets,DEN,nuggets,240:00,16.81,24,55,74,396,3,3,280,30,16,27,0.593,30,57,0.526,0.548,13,18,0.722
22400292,1610612742,Dallas,Mavericks,DAL,mavericks,240:00,17.84,19,54,72,406,2,3,288,27,23,37,0.622,25,48,0.521,0.565,21,28,0.75
22400292,1610612752,New York,Knicks,NYK,knicks,240:00,18.17,24,48,70,386,1,0,269,20,18,33,0.545,22,53,0.415,0.465,15,21,0.714
22400295,1610612740,New Orleans,Pelicans,NOP,pelicans,240:00,18.17,32,63,86,400,4,2,278,24,16,36,0.444,19,53,0.358,0.387,20,27,0.741
22400295,1610612761,Toronto,Raptors,TOR,raptors,240:00,18.53,29,72,90,428,3,2,303,38,13,26,0.5,33,67,0.493,0.495,17,30,0.567
22400289,1610612753,Orlando,Magic,ORL,magic,240:00,18.8,18,47,63,425,2,0,303,30,21,34,0.618,25,56,0.446,0.511,20,28,0.714
22400289,1610612741,Chicago,Bulls,CHI,bulls,240:00,18.51,18,48,66,396,4,1,275,30,21,33,0.636,25,54,0.463,0.529,22,25,0.88
22400290,1610612755,Philadelphia,76ers,PHI,sixers,265:00,20.05,37,57,92,445,4,3,312,19,24,51,0.471,19,45,0.422,0.448,24,38,0.632
22400290,1610612745,Houston,Rockets,HOU,rockets,265:00,19.35,39,74,109,411,1,3,272,23,12,34,0.353,28,54,0.519,0.455,22,34,0.647
22400296,1610612759,San Antonio,Spurs,SAS,spurs,240:00,17.8,22,43,65,448,5,2,324,26,13,27,0.481,23,58,0.397,0.424,21,26,0.808
22400296,1610612747,Los Angeles,Lakers,LAL,lakers,240:00,17.37,21,59,80,413,6,1,289,31,23,36,0.639,25,54,0.463,0.533,18,29,0.621
22400272,1610612754,Indiana,Pacers,IND,pacers,240:00,18.8,25,48,70,471,4,2,353,31,17,36,0.472,24,50,0.48,0.477,12,19,0.632
22400272,1610612764,Washington,Wizards,WAS,wizards,240:00,18.77,21,61,79,402,1,1,281,24,12,23,0.522,24,56,0.429,0.456,22,32,0.688
22400273,1610612748,Miami,Heat,MIA,heat,265:00,20.47,31,70,96,452,4,3,317,27,22,52,0.423,24,55,0.436,0.43,22,30,0.733
22400273,1610612742,Dallas,Mavericks,DAL,mavericks,265:00,19.93,27,79,104,438,3,0,303,29,23,49,0.469,21,56,0.375,0.419,20,33,0.606
22400281,1610612738,Boston,Celtics,BOS,celtics,240:00,16.97,19,62,80,361,5,2,248,33,18,30,0.6,27,58,0.466,0.511,16,32,0.5
22400281,1610612746,LA,Clippers,LAC,clippers,240:00,17.51,25,61,82,377,1,1,262,18,15,37,0.405,24,53,0.453,0.433,17,23,0.739
22400268,1610612749,Milwaukee,Bucks,MIL,bucks,240:00,17.89,25,62,84,374,3,1,251,20,14,35,0.4,29,54,0.537,0.483,11,21,0.524
22400268,1610612766,Charlotte,Hornets,CHA,hornets,240:00,18.6,35,57,92,404,3,2,274,22,11,36,0.306,30,64,0.469,0.41,11,19,0.579
22400277,1610612766,Charlotte,Hornets,CHA,hornets,240:00,18.2,31,67,96,379,0,2,255,14,14,31,0.452,17,44,0.386,0.413,14,23,0.609
22400277,1610612753,Orlando,Magic,ORL,magic,240:00,17.83,38,49,86,388,5,1,264,21,17,33,0.515,20,61,0.328,0.394,12,21,0.571
22400287,1610612739,Cleveland,Cavaliers,CLE,cavaliers,240:00,19.06,29,46,75,415,5,3,283,31,22,34,0.647,22,61,0.361,0.463,14,28,0.5
22400287,1610612737,Atlanta,Hawks,ATL,hawks,240:00,19.2,29,67,92,433,3,0,302,39,11,31,0.355,35,66,0.53,0.474,19,29,0.655
22400048,1610612747,Los Angeles,Lakers,LAL,lakers,240:00,17.05,15,62,74,396,4,2,285,25,10,19,0.526,23,54,0.426,0.452,12,26,0.462
22400048,1610612760,Oklahoma City,Thunder,OKC,thunder,240:00,18.23,31,48,77,414,0,2,295,20,12,32,0.375,26,61,0.426,0.409,9,14,0.643
22400049,1610612757,Portland,Trail Blazers,POR,blazers,240:00,18.54,18,49,64,430,4,1,309,27,22,33,0.667,24,57,0.421,0.511,13,16,0.813
22400049,1610612758,Sacramento,Kings,SAC,kings,240:00,18.4,24,51,74,405,3,6,289,29,13,20,0.65,22,58,0.379,0.449,20,28,0.714
22400045,1610612754,Indiana,Pacers,IND,pacers,240:00,18.62,15,44,59,430,5,1,311,23,16,31,0.516,25,54,0.463,0.482,20,25,0.8
22400045,1610612765,Detroit,Pistons,DET,pistons,240:00,18.54,18,50,66,416,4,5,298,35,19,29,0.655,29,54,0.537,0.578,14,24,0.583
22400046,1610612748,Miami,Heat,MIA,heat,240:00,18.85,18,34,51,471,3,1,348,32,15,31,0.484,28,63,0.444,0.457,27,34,0.794
22400046,1610612761,Toronto,Raptors,TOR,raptors,240:00,19.28,18,58,74,435,2,4,310,34,23,36,0.639,20,44,0.455,0.538,13,22,0.591
22400044,1610612750,Minnesota,Timberwolves,MIN,timberwolves,240:00,17.85,24,54,76,418,4,1,304,25,12,26,0.462,19,49,0.388,0.413,12,22,0.545
22400044,1610612746,LA,Clippers,LAC,clippers,240:00,17.2,25,50,74,357,1,1,244,20,16,38,0.421,20,46,0.435,0.429,11,18,0.611
22400043,1610612751,Brooklyn,Nets,BKN,nets,240:00,18.3,27,49,71,440,3,1,324,22,12,30,0.4,26,47,0.553,0.494,16,27,0.593
22400043,1610612753,Orlando,Magic,ORL,magic,240:00,18.21,23,48,71,379,5,2,256,29,19,36,0.528,25,47,0.532,0.53,12,23,0.522
22400041,1610612737,Atlanta,Hawks,ATL,hawks,240:00,18.68,22,65,85,411,4,2,282,33,15,31,0.484,29,54,0.537,0.518,20,31,0.645
22400041,1610612739,Cleveland,Cavaliers,CLE,cavaliers,240:00,18.42,22,45,65,411,5,5,283,21,19,36,0.528,19,57,0.333,0.409,17,23,0.739
22400040,1610612766,Charlotte,Hornets,CHA,hornets,240:00,18.08,35,50,83,406,5,2,287,25,11,25,0.44,24,64,0.375,0.404,14,28,0.5
22400040,1610612752,New York,Knicks,NYK,knicks,240:00,17.45,23,60,82,379,1,0,256,20,15,31,0.484,21,50,0.42,0.444,8,11,0.727
22400042,1610612763,Memphis,Grizzlies,MEM,grizzlies,240:00,19.51,37,60,94,447,10,2,319,36,20,32,0.625,27,64,0.422,0.49,14,26,0.538
22400042,1610612740,New Orleans,Pelicans,NOP,pelicans,240:00,19.39,27,63,88,380,1,3,252,16,16,39,0.41,22,52,0.423,0.418,25,33,0.758
22400047,1610612741,Chicago,Bulls,CHI,bulls,240:00,18.22,15,58,70,428,7,2,310,28,22,29,0.759,26,64,0.406,0.516,20,28,0.714
22400047,1610612738,Boston,Celtics,BOS,celtics,240:00,18.01,21,63,82,403,2,2,274,24,20,32,0.625,29,66,0.439,0.5,19,25,0.76
