gameId,teamId,teamCity,teamName,teamTricode,teamSlug,minutes,points,contestedShots,contestedShots2pt,contestedShots3pt,deflections,chargesDrawn,screenAssists,screenAssistPoints,looseBallsRecoveredOffensive,looseBallsRecoveredDefensive,looseBallsRecoveredTotal,offensiveBoxOuts,defensiveBoxOuts,boxOutPlayerTeamRebounds,boxOutPlayerRebounds,boxOuts
22400061,1610612738,Boston,Celtics,BOS,celtics,240.000000:00,132,33,19,14,16,0,13,35,1,0,1,1,3,4,1,4
22400061,1610612752,New York,Knicks,NYK,knicks,240.000000:00,109,43,17,26,13,1,15,33,2,2,4,2,4,6,5,6
22400062,1610612747,Los Angeles,Lakers,LAL,lakers,240.000000:00,110,39,18,21,14,1,6,14,1,2,3,0,7,7,3,7
22400062,1610612750,Minnesota,Timberwolves,MIN,timberwolves,240.000000:00,103,40,30,10,14,0,6,13,3,2,5,1,3,4,3,4
22400071,1610612746,LA,Clippers,LAC,clippers,265.000000:00,113,20,12,8,23,0,11,26,2,0,2,0,2,2,1,2
22400071,1610612756,Phoenix,Suns,PHX,suns,265.000000:00,116,43,28,15,12,0,7,17,1,3,4,1,4,5,3,5
22400070,1610612762,Utah,Jazz,UTA,jazz,240.000000:00,124,32,17,15,8,1,9,22,4,2,6,1,5,6,5,6
22400070,1610612763,Memphis,Grizzlies,MEM,grizzlies,240.000000:00,126,34,23,11,18,0,5,13,2,2,4,2,3,5,5,5
22400068,1610612745,Houston,Rockets,HOU,rockets,240.000000:00,105,32,20,12,16,0,15,35,6,2,8,0,8,8,6,8
22400068,1610612766,Charlotte,Hornets,CHA,hornets,240.000000:00,110,45,31,14,8,0,16,38,2,3,5,2,5,7,3,7
22400069,1610612740,New Orleans,Pelicans,NOP,pelicans,240.000000:00,123,28,17,11,23,1,15,36,3,2,5,0,0,0,0,0
22400069,1610612741,Chicago,Bulls,CHI,bulls,240.000000:00,111,26,19,7,10,0,11,22,0,2,2,0,9,9,5,9
22400065,1610612748,Miami,Heat,MIA,heat,240.000000:00,97,27,17,10,9,0,3,8,4,2,6,0,5,4,1,5
22400065,1610612753,Orlando,Magic,ORL,magic,240.000000:00,116,27,19,8,13,1,7,18,3,1,4,1,1,2,1,2
22400072,1610612757,Portland,Trail Blazers,POR,blazers,240.000000:00,104,15,6,9,12,2,6,13,3,3,6,0,0,0,0,0
22400072,1610612744,Golden State,Warriors,GSW,warriors,240.000000:00,140,39,25,14,24,2,7,21,3,3,6,2,5,7,6,7
22400067,1610612761,Toronto,Raptors,TOR,raptors,240.000000:00,106,38,28,10,14,0,10,22,4,1,5,3,5,8,3,8
22400067,1610612739,Cleveland,Cavaliers,CLE,cavaliers,240.000000:00,136,40,28,12,13,1,11,27,6,5,11,0,4,4,1,4
22400064,1610612737,Atlanta,Hawks,ATL,hawks,240.000000:00,120,44,28,16,21,0,7,17,2,2,4,3,3,6,6,6
22400064,1610612751,Brooklyn,Nets,BKN,nets,240.000000:00,116,29,16,13,13,0,7,16,5,4,9,0,2,2,1,2
22400063,1610612765,Detroit,Pistons,DET,pistons,240.000000:00,109,47,30,17,8,0,12,29,3,4,7,4,5,9,7,9
22400063,1610612754,Indiana,Pacers,IND,pacers,240.000000:00,115,46,33,13,18,1,6,13,6,6,12,0,5,4,2,5
22400066,1610612755,Philadelphia,76ers,PHI,sixers,240.000000:00,109,32,15,17,15,0,10,22,0,2,2,1,5,6,1,6
22400066,1610612749,Milwaukee,Bucks,MIL,bucks,240.000000:00,124,52,40,12,12,1,8,20,2,2,4,0,5,5,3,5
22400076,1610612758,Sacramento,Kings,SAC,kings,240.000000:00,115,38,19,19,11,2,6,12,4,3,7,2,3,4,2,5
22400076,1610612750,Minnesota,Timberwolves,MIN,timberwolves,240.000000:00,117,42,28,14,7,0,12,31,1,0,1,1,4,5,4,5
22400074,1610612742,Dallas,Mavericks,DAL,mavericks,240.000000:00,120,38,26,12,21,0,13,32,5,6,11,2,9,11,6,11
22400074,1610612759,San Antonio,Spurs,SAS,spurs,240.000000:00,109,47,30,17,16,0,5,11,5,6,11,1,6,7,3,7
22400073,1610612764,Washington,Wizards,WAS,wizards,240.000000:00,102,39,24,15,11,0,9,20,4,0,4,1,4,5,5,5
22400073,1610612738,Boston,Celtics,BOS,celtics,240.000000:00,122,28,17,11,19,0,9,26,1,1,2,1,2,3,2,3
22400075,1610612743,Denver,Nuggets,DEN,nuggets,240.000000:00,87,30,21,9,12,0,3,7,3,3,6,2,1,3,3,3
22400075,1610612760,Oklahoma City,Thunder,OKC,thunder,240.000000:00,102,37,26,11,16,0,2,4,1,2,3,1,7,7,3,8
22400084,1610612762,Utah,Jazz,UTA,jazz,240.000000:00,86,29,19,10,14,0,7,18,4,2,6,0,2,2,2,2
22400084,1610612744,Golden State,Warriors,GSW,warriors,240.000000:00,127,33,18,15,29,1,9,22,4,2,6,1,7,8,4,8
22400086,1610612757,Portland,Trail Blazers,POR,blazers,240.000000:00,103,42,31,11,12,1,4,8,1,2,3,1,4,5,2,5
22400086,1610612740,New Orleans,Pelicans,NOP,pelicans,240.000000:00,105,49,35,14,18,2,2,5,2,3,5,0,3,3,1,3
22400085,1610612747,Los Angeles,Lakers,LAL,lakers,240.000000:00,123,38,21,17,16,1,6,16,4,2,6,0,3,3,1,3
22400085,1610612756,Phoenix,Suns,PHX,suns,240.000000:00,116,31,17,14,16,0,8,20,2,3,5,0,3,3,2,3
22400083,1610612749,Milwaukee,Bucks,MIL,bucks,240.000000:00,122,35,23,12,16,0,14,31,1,1,2,1,2,3,3,3
22400083,1610612741,Chicago,Bulls,CHI,bulls,240.000000:00,133,36,21,15,12,0,3,8,2,3,5,1,7,7,2,8
22400082,1610612745,Houston,Rockets,HOU,rockets,240.000000:00,128,35,26,9,24,1,12,32,0,3,3,2,8,10,8,10
22400082,1610612763,Memphis,Grizzlies,MEM,grizzlies,240.000000:00,108,41,20,21,16,2,6,13,4,2,6,1,3,4,2,4
22400078,1610612761,Toronto,Raptors,TOR,raptors,240.000000:00,115,37,24,13,20,1,5,11,6,2,8,1,9,10,5,10
22400078,1610612755,Philadelphia,76ers,PHI,sixers,240.000000:00,107,23,15,8,23,1,7,17,2,4,6,0,4,4,0,4
22400079,1610612737,Atlanta,Hawks,ATL,hawks,240.000000:00,125,37,14,23,14,0,7,19,1,5,6,0,5,5,2,5
22400079,1610612766,Charlotte,Hornets,CHA,hornets,240.000000:00,120,19,12,7,11,0,11,29,2,2,4,1,3,4,2,4
22400080,1610612739,Cleveland,Cavaliers,CLE,cavaliers,240.000000:00,113,43,27,16,20,2,6,14,4,2,6,1,5,6,1,6
22400080,1610612765,Detroit,Pistons,DET,pistons,240.000000:00,101,39,26,13,11,0,14,32,1,1,2,4,3,7,3,7
22400077,1610612753,Orlando,Magic,ORL,magic,240.000000:00,116,37,21,16,14,1,2,5,1,6,7,0,3,3,1,3
22400077,1610612751,Brooklyn,Nets,BKN,nets,240.000000:00,101,40,29,11,17,1,11,25,5,2,7,0,6,6,2,6
22400081,1610612752,New York,Knicks,NYK,knicks,240.000000:00,123,32,16,16,19,0,15,37,2,1,3,1,3,4,2,5
22400081,1610612754,Indiana,Pacers,IND,pacers,240.000000:00,98,42,25,17,15,0,3,4,2,3,5,0,4,4,4,4
22400088,1610612766,Charlotte,Hornets,CHA,hornets,240.000000:00,106,39,29,10,19,0,13,31,7,4,11,8,4,11,7,12
22400088,1610612748,Miami,Heat,MIA,heat,240.000000:00,114,40,22,18,32,1,10,24,8,1,9,2,9,9,4,11
22400095,1610612756,Phoenix,Suns,PHX,suns,240.000000:00,114,33,16,17,8,0,4,11,1,1,2,3,4,7,4,7
22400095,1610612742,Dallas,Mavericks,DAL,mavericks,240.000000:00,102,38,20,18,16,0,18,42,0,1,1,2,3,5,3,5
22400096,1610612747,Los Angeles,Lakers,LAL,lakers,240.000000:00,131,37,17,20,10,0,6,14,0,2,2,1,4,5,4,5
22400096,1610612758,Sacramento,Kings,SAC,kings,240.000000:00,127,44,20,24,22,0,10,22,1,3,4,2,1,3,3,3
22400091,1610612741,Chicago,Bulls,CHI,bulls,240.000000:00,95,58,35,23,10,0,2,5,1,0,1,3,2,5,2,5
22400091,1610612760,Oklahoma City,Thunder,OKC,thunder,240.000000:00,114,37,20,17,22,1,4,9,2,4,6,0,4,4,1,4
22400094,1610612759,San Antonio,Spurs,SAS,spurs,240.000000:00,109,46,23,23,9,0,4,9,6,1,7,0,9,8,4,9
22400094,1610612745,Houston,Rockets,HOU,rockets,240.000000:00,106,35,29,6,13,0,10,26,1,2,3,1,1,1,1,2
22400092,1610612763,Memphis,Grizzlies,MEM,grizzlies,240.000000:00,124,37,22,15,14,0,5,12,5,4,9,0,5,5,3,5
22400092,1610612753,Orlando,Magic,ORL,magic,240.000000:00,111,46,26,20,28,1,10,23,1,4,5,2,1,3,2,3
22400093,1610612750,Minnesota,Timberwolves,MIN,timberwolves,240.000000:00,112,29,18,11,17,1,4,10,4,1,5,1,3,4,2,4
22400093,1610612761,Toronto,Raptors,TOR,raptors,240.000000:00,101,27,15,12,20,0,9,20,3,0,3,1,4,5,4,5
22400090,1610612764,Washington,Wizards,WAS,wizards,240.000000:00,116,45,27,18,18,1,7,17,4,0,4,1,1,2,2,2
22400090,1610612739,Cleveland,Cavaliers,CLE,cavaliers,240.000000:00,135,42,28,14,19,0,17,43,2,4,6,1,1,2,1,2
22400089,1610612765,Detroit,Pistons,DET,pistons,240.000000:00,118,49,25,24,9,1,11,27,1,1,2,1,6,7,4,7
22400089,1610612738,Boston,Celtics,BOS,celtics,240.000000:00,124,45,22,23,16,0,10,29,4,1,5,2,6,8,4,8
22400087,1610612743,Denver,Nuggets,DEN,nuggets,240.000000:00,104,35,24,11,26,0,6,16,0,3,3,0,1,1,0,1
22400087,1610612746,LA,Clippers,LAC,clippers,240.000000:00,109,31,21,10,9,1,7,15,2,2,4,1,3,4,3,4
22400100,1610612760,Oklahoma City,Thunder,OKC,thunder,240.000000:00,128,46,27,19,28,1,8,17,4,2,6,1,4,5,3,5
22400100,1610612737,Atlanta,Hawks,ATL,hawks,240.000000:00,104,50,28,22,20,0,5,11,3,4,7,1,2,3,1,3
22400101,1610612744,Golden State,Warriors,GSW,warriors,240.000000:00,104,33,21,12,22,2,12,30,4,4,8,1,1,2,1,2
22400101,1610612746,LA,Clippers,LAC,clippers,240.000000:00,112,22,11,11,19,0,12,26,3,3,6,3,4,7,7,7
22400099,1610612757,Portland,Trail Blazers,POR,blazers,240.000000:00,125,40,28,12,11,0,6,15,2,3,5,0,1,1,0,1
22400099,1610612740,New Orleans,Pelicans,NOP,pelicans,240.000000:00,103,43,30,13,19,0,5,10,2,4,6,1,3,4,2,4
22400097,1610612754,Indiana,Pacers,IND,pacers,265.000000:00,114,29,17,12,16,1,7,16,2,0,2,0,4,4,1,4
22400097,1610612755,Philadelphia,76ers,PHI,sixers,265.000000:00,118,27,14,13,10,1,6,14,4,3,7,1,0,1,1,1
22400098,1610612751,Brooklyn,Nets,BKN,nets,240.000000:00,115,30,21,9,16,0,16,39,2,2,4,0,7,7,3,7
22400098,1610612749,Milwaukee,Bucks,MIL,bucks,240.000000:00,102,36,19,17,13,0,3,9,1,1,2,1,1,2,1,2
22400111,1610612756,Phoenix,Suns,PHX,suns,240.000000:00,109,48,36,12,15,0,13,28,3,5,8,2,7,9,1,9
22400111,1610612747,Los Angeles,Lakers,LAL,lakers,240.000000:00,105,48,33,15,15,0,13,31,3,5,8,1,6,6,2,7
22400109,1610612759,San Antonio,Spurs,SAS,spurs,240.000000:00,101,38,23,15,14,1,8,20,2,2,4,0,2,2,2,2
22400109,1610612745,Houston,Rockets,HOU,rockets,240.000000:00,106,39,27,12,13,0,12,31,1,2,3,3,3,6,4,6
22400110,1610612742,Dallas,Mavericks,DAL,mavericks,240.000000:00,110,36,27,9,11,1,6,15,0,2,2,1,0,1,1,1
22400110,1610612762,Utah,Jazz,UTA,jazz,240.000000:00,102,34,25,9,10,0,6,15,2,2,4,0,0,0,0,0
22400107,1610612761,Toronto,Raptors,TOR,raptors,265.000000:00,125,47,33,14,21,3,8,18,0,1,1,1,4,5,3,5
22400107,1610612743,Denver,Nuggets,DEN,nuggets,265.000000:00,127,57,34,23,16,0,5,11,2,2,4,1,4,5,3,5
22400108,1610612763,Memphis,Grizzlies,MEM,grizzlies,240.000000:00,123,37,24,13,20,0,4,11,6,4,10,1,2,3,0,3
22400108,1610612741,Chicago,Bulls,CHI,bulls,240.000000:00,126,45,29,16,18,1,7,18,4,2,6,1,3,4,2,4
22400103,1610612737,Atlanta,Hawks,ATL,hawks,240.000000:00,119,41,24,17,16,1,6,14,0,0,0,2,2,3,1,4
22400103,1610612764,Washington,Wizards,WAS,wizards,240.000000:00,121,30,17,13,15,0,12,32,0,1,1,1,4,5,4,5
22400106,1610612752,New York,Knicks,NYK,knicks,240.000000:00,104,23,15,8,12,1,5,10,0,1,1,1,0,1,0,1
22400106,1610612739,Cleveland,Cavaliers,CLE,cavaliers,240.000000:00,110,34,27,7,20,0,10,23,0,0,0,0,2,2,2,2
22400105,1610612748,Miami,Heat,MIA,heat,240.000000:00,106,28,16,12,15,0,9,21,1,2,3,0,4,4,0,4
22400105,1610612765,Detroit,Pistons,DET,pistons,240.000000:00,98,26,14,12,14,0,7,17,1,5,6,3,2,4,3,5
22400104,1610612738,Boston,Celtics,BOS,celtics,240.000000:00,119,44,27,17,5,1,13,33,5,2,7,1,7,7,4,8
22400104,1610612749,Milwaukee,Bucks,MIL,bucks,240.000000:00,108,45,24,21,13,0,5,13,4,3,7,1,5,6,6,6
22400102,1610612753,Orlando,Magic,ORL,magic,240.000000:00,119,27,18,9,17,3,7,16,1,2,3,0,1,1,1,1
22400102,1610612754,Indiana,Pacers,IND,pacers,240.000000:00,115,31,18,13,10,2,11,26,3,2,5,2,1,3,3,3
22400112,1610612758,Sacramento,Kings,SAC,kings,240.000000:00,111,27,22,5,20,2,8,19,3,2,5,1,2,3,2,3
22400112,1610612757,Portland,Trail Blazers,POR,blazers,240.000000:00,98,32,18,14,18,1,6,12,3,3,6,0,2,2,1,2
22400116,1610612744,Golden State,Warriors,GSW,warriors,240.000000:00,124,38,31,7,29,2,14,35,6,6,12,2,1,3,2,3
22400116,1610612740,New Orleans,Pelicans,NOP,pelicans,240.000000:00,106,32,16,16,13,0,6,12,5,3,8,0,2,2,1,2
22400115,1610612762,Utah,Jazz,UTA,jazz,240.000000:00,96,34,26,8,11,0,5,11,4,0,4,1,2,3,2,3
22400115,1610612758,Sacramento,Kings,SAC,kings,240.000000:00,113,27,20,7,15,1,7,16,2,0,2,0,3,3,2,3
22400113,1610612751,Brooklyn,Nets,BKN,nets,265.000000:00,139,54,40,14,10,0,8,20,2,1,3,0,10,10,5,10
22400113,1610612743,Denver,Nuggets,DEN,nuggets,265.000000:00,144,53,29,24,14,1,7,16,2,6,8,1,2,3,1,3
22400114,1610612750,Minnesota,Timberwolves,MIN,timberwolves,240.000000:00,114,30,18,12,11,0,12,32,1,1,2,1,4,5,3,5
22400114,1610612742,Dallas,Mavericks,DAL,mavericks,240.000000:00,120,20,9,11,15,1,12,28,1,0,1,0,3,3,1,3
22400120,1610612755,Philadelphia,76ers,PHI,sixers,240.000000:00,95,22,13,9,13,1,3,6,0,3,3,0,0,0,0,0
22400120,1610612765,Detroit,Pistons,DET,pistons,240.000000:00,105,32,21,11,7,1,9,23,0,2,2,1,3,3,1,4
22400117,1610612766,Charlotte,Hornets,CHA,hornets,240.000000:00,138,40,28,12,14,1,14,32,3,2,5,6,5,11,7,11
22400117,1610612761,Toronto,Raptors,TOR,raptors,240.000000:00,133,48,31,17,10,0,10,22,1,2,3,1,4,5,4,5
22400119,1610612754,Indiana,Pacers,IND,pacers,265.000000:00,135,51,20,31,13,0,7,16,3,3,6,0,6,6,2,6
22400119,1610612738,Boston,Celtics,BOS,celtics,265.000000:00,132,47,26,21,19,2,7,16,2,4,6,4,5,9,6,9
22400122,1610612748,Miami,Heat,MIA,heat,240.000000:00,107,25,13,12,11,0,9,22,0,1,1,1,3,4,3,4
22400122,1610612752,New York,Knicks,NYK,knicks,240.000000:00,116,32,19,13,17,0,1,3,0,1,1,0,2,2,1,2
22400118,1610612739,Cleveland,Cavaliers,CLE,cavaliers,240.000000:00,134,42,27,15,19,0,12,28,4,2,6,1,4,5,4,5
22400118,1610612747,Los Angeles,Lakers,LAL,lakers,240.000000:00,110,40,25,15,19,1,9,22,2,0,2,1,4,5,5,5
22400121,1610612764,Washington,Wizards,WAS,wizards,240.000000:00,133,36,22,14,18,0,9,22,0,1,1,1,2,3,2,3
22400121,1610612737,Atlanta,Hawks,ATL,hawks,240.000000:00,120,26,14,12,9,1,11,28,2,2,4,0,0,0,0,0
22400123,1610612741,Chicago,Bulls,CHI,bulls,240.000000:00,102,46,22,24,11,0,11,25,1,0,1,2,5,7,4,7
22400123,1610612753,Orlando,Magic,ORL,magic,240.000000:00,99,39,22,17,12,0,6,16,0,1,1,1,0,1,1,1
22400125,1610612760,Oklahoma City,Thunder,OKC,thunder,240.000000:00,105,52,27,25,30,1,7,19,2,8,10,0,5,5,4,5
22400125,1610612759,San Antonio,Spurs,SAS,spurs,240.000000:00,93,57,27,30,10,0,5,12,1,1,2,1,4,5,3,5
22400126,1610612744,Golden State,Warriors,GSW,warriors,240.000000:00,104,40,29,11,18,3,10,28,1,0,1,0,2,2,1,2
22400126,1610612740,New Orleans,Pelicans,NOP,pelicans,240.000000:00,89,26,19,7,20,0,2,6,0,1,1,2,6,8,4,8
22400127,1610612746,LA,Clippers,LAC,clippers,240.000000:00,105,38,22,16,29,0,10,23,3,1,4,1,4,5,4,5
22400127,1610612757,Portland,Trail Blazers,POR,blazers,240.000000:00,106,30,14,16,16,0,9,23,2,1,3,3,3,6,1,6
22400124,1610612763,Memphis,Grizzlies,MEM,grizzlies,240.000000:00,106,30,10,20,16,2,0,0,4,4,8,1,1,2,2,2
22400124,1610612751,Brooklyn,Nets,BKN,nets,240.000000:00,119,23,15,8,15,1,4,8,3,2,5,0,3,3,0,3
22400129,1610612742,Dallas,Mavericks,DAL,mavericks,240.000000:00,102,40,26,14,18,1,14,30,2,4,6,2,6,7,3,8
22400129,1610612745,Houston,Rockets,HOU,rockets,240.000000:00,108,34,22,12,6,0,10,25,4,3,7,4,8,12,6,12
22400128,1610612763,Memphis,Grizzlies,MEM,grizzlies,240.000000:00,122,48,28,20,12,0,5,12,3,4,7,2,13,15,6,15
22400128,1610612749,Milwaukee,Bucks,MIL,bucks,240.000000:00,99,33,20,13,26,0,9,21,3,1,4,0,3,3,1,3
22400131,1610612746,LA,Clippers,LAC,clippers,240.000000:00,119,35,24,11,14,0,16,37,2,3,5,0,5,4,1,5
22400131,1610612756,Phoenix,Suns,PHX,suns,240.000000:00,125,38,23,15,13,0,11,27,1,1,2,2,1,3,2,3
22400130,1610612762,Utah,Jazz,UTA,jazz,240.000000:00,88,34,20,14,10,0,5,10,4,1,5,1,4,5,4,5
22400130,1610612759,San Antonio,Spurs,SAS,spurs,240.000000:00,106,33,24,9,22,0,8,18,4,5,9,0,1,1,0,1
22400139,1610612750,Minnesota,Timberwolves,MIN,timberwolves,240.000000:00,119,49,31,18,14,0,4,11,1,1,2,0,0,0,0,0
22400139,1610612743,Denver,Nuggets,DEN,nuggets,240.000000:00,116,31,14,17,14,1,6,14,1,0,1,4,1,5,4,5
22400140,1610612757,Portland,Trail Blazers,POR,blazers,240.000000:00,114,27,10,17,13,1,6,15,2,1,3,3,0,3,2,3
22400140,1610612760,Oklahoma City,Thunder,OKC,thunder,240.000000:00,137,31,23,8,21,0,11,28,2,1,3,0,4,4,3,4
22400137,1610612761,Toronto,Raptors,TOR,raptors,240.000000:00,125,31,19,12,11,1,20,43,1,3,4,0,5,5,3,5
22400137,1610612747,Los Angeles,Lakers,LAL,lakers,240.000000:00,131,29,14,15,9,0,8,20,2,3,5,0,3,3,1,3
22400135,1610612737,Atlanta,Hawks,ATL,hawks,240.000000:00,115,41,28,13,14,2,4,10,2,3,5,0,2,2,2,2
22400135,1610612758,Sacramento,Kings,SAC,kings,240.000000:00,123,40,22,18,22,0,15,34,1,3,4,2,9,11,6,11
22400132,1610612766,Charlotte,Hornets,CHA,hornets,240.000000:00,109,37,24,13,16,0,19,46,1,4,5,1,8,9,6,9
22400132,1610612738,Boston,Celtics,BOS,celtics,240.000000:00,124,37,22,15,13,0,7,15,5,3,8,3,7,9,2,10
22400138,1610612740,New Orleans,Pelicans,NOP,pelicans,240.000000:00,125,26,18,8,13,0,7,16,0,1,1,3,4,6,4,7
22400138,1610612754,Indiana,Pacers,IND,pacers,240.000000:00,118,34,22,12,11,0,5,11,2,1,3,0,4,4,3,4
22400133,1610612739,Cleveland,Cavaliers,CLE,cavaliers,240.000000:00,120,29,21,8,4,0,12,27,0,2,2,1,6,7,5,7
22400133,1610612753,Orlando,Magic,ORL,magic,240.000000:00,109,41,23,18,9,0,2,4,0,0,0,0,6,6,5,6
22400136,1610612751,Brooklyn,Nets,BKN,nets,240.000000:00,120,43,24,19,13,1,11,25,2,0,2,1,5,6,5,6
22400136,1610612741,Chicago,Bulls,CHI,bulls,240.000000:00,112,37,20,17,9,1,3,6,4,3,7,1,1,2,1,2
22400134,1610612765,Detroit,Pistons,DET,pistons,240.000000:00,98,57,34,23,11,1,13,28,3,2,5,0,6,6,4,6
22400134,1610612752,New York,Knicks,NYK,knicks,240.000000:00,128,46,23,23,20,0,14,30,4,5,9,3,8,11,8,11
22400146,1610612759,San Antonio,Spurs,SAS,spurs,240.000000:00,113,26,16,10,15,0,14,32,1,2,3,0,2,2,1,2
22400146,1610612750,Minnesota,Timberwolves,MIN,timberwolves,240.000000:00,103,37,17,20,15,0,9,24,0,0,0,0,2,2,1,2
22400145,1610612749,Milwaukee,Bucks,MIL,bucks,240.000000:00,113,35,23,12,12,0,5,15,0,2,2,1,3,4,2,4
22400145,1610612739,Cleveland,Cavaliers,CLE,cavaliers,240.000000:00,114,36,25,11,8,3,11,28,3,1,4,0,3,3,1,3
22400143,1610612761,Toronto,Raptors,TOR,raptors,265.000000:00,131,36,24,12,20,0,6,15,2,1,3,2,0,2,2,2
22400143,1610612758,Sacramento,Kings,SAC,kings,265.000000:00,128,29,23,6,21,0,11,26,0,0,0,1,2,3,3,3
22400149,1610612756,Phoenix,Suns,PHX,suns,240.000000:00,103,51,35,16,10,0,7,17,1,0,1,0,4,4,3,4
22400149,1610612757,Portland,Trail Blazers,POR,blazers,240.000000:00,97,40,23,17,14,0,3,8,0,1,1,0,0,0,0,0
22400144,1610612745,Houston,Rockets,HOU,rockets,265.000000:00,121,41,27,14,25,0,1,2,0,0,0,0,5,5,2,5
22400144,1610612744,Golden State,Warriors,GSW,warriors,265.000000:00,127,63,36,27,15,2,4,10,1,0,1,1,7,8,3,8
22400150,1610612746,LA,Clippers,LAC,clippers,240.000000:00,92,46,22,24,15,0,6,13,3,5,8,1,3,3,2,4
22400150,1610612760,Oklahoma City,Thunder,OKC,thunder,240.000000:00,105,42,20,22,22,1,5,11,2,5,7,0,4,4,1,4
22400148,1610612743,Denver,Nuggets,DEN,nuggets,240.000000:00,129,22,10,12,24,0,7,18,0,5,5,2,2,4,4,6
22400148,1610612762,Utah,Jazz,UTA,jazz,240.000000:00,103,33,27,6,17,0,7,20,3,1,4,0,7,7,1,10
22400142,1610612755,Philadelphia,76ers,PHI,sixers,240.000000:00,107,36,27,9,10,0,7,18,3,2,5,2,8,10,6,10
22400142,1610612763,Memphis,Grizzlies,MEM,grizzlies,240.000000:00,124,49,26,23,12,0,2,4,3,3,6,2,8,10,6,10
22400141,1610612766,Charlotte,Hornets,CHA,hornets,240.000000:00,103,32,14,18,21,1,8,18,4,3,7,1,7,7,2,8
22400141,1610612738,Boston,Celtics,BOS,celtics,240.000000:00,113,44,28,16,12,0,7,19,6,3,9,0,7,7,2,7
22400153,1610612742,Dallas,Mavericks,DAL,mavericks,240.000000:00,108,35,21,14,14,0,4,8,0,1,1,0,5,5,2,5
22400153,1610612753,Orlando,Magic,ORL,magic,240.000000:00,85,48,30,18,19,1,5,11,1,1,2,0,5,5,3,5
22400151,1610612751,Brooklyn,Nets,BKN,nets,240.000000:00,92,28,15,13,20,0,7,14,2,3,5,1,3,4,2,4
22400151,1610612765,Detroit,Pistons,DET,pistons,240.000000:00,106,40,21,19,12,0,4,9,5,2,7,2,1,3,3,3
22400152,1610612740,New Orleans,Pelicans,NOP,pelicans,240.000000:00,111,29,10,19,15,0,11,28,3,3,6,3,4,7,4,7
22400152,1610612737,Atlanta,Hawks,ATL,hawks,240.000000:00,126,38,24,14,19,1,6,16,3,4,7,0,3,3,0,3
22400165,1610612742,Dallas,Mavericks,DAL,mavericks,240.000000:00,127,30,18,12,8,0,3,8,2,0,2,1,2,3,2,3
22400165,1610612754,Indiana,Pacers,IND,pacers,240.000000:00,134,28,16,12,9,0,6,14,2,0,2,0,5,5,4,5
22400166,1610612743,Denver,Nuggets,DEN,nuggets,240.000000:00,121,43,29,14,16,0,6,13,0,1,1,3,0,3,3,3
22400166,1610612761,Toronto,Raptors,TOR,raptors,240.000000:00,119,44,30,14,23,2,9,21,0,3,3,1,2,3,1,3
22400167,1610612756,Phoenix,Suns,PHX,suns,240.000000:00,118,27,11,16,8,0,10,21,2,1,3,0,2,2,1,2
22400167,1610612755,Philadelphia,76ers,PHI,sixers,240.000000:00,116,30,22,8,10,0,15,38,0,4,4,0,4,4,1,4
22400160,1610612741,Chicago,Bulls,CHI,bulls,240.000000:00,126,40,22,18,14,0,4,10,1,2,3,0,7,7,2,7
22400160,1610612762,Utah,Jazz,UTA,jazz,240.000000:00,135,21,17,4,11,0,13,32,0,2,2,1,4,5,4,5
22400159,1610612748,Miami,Heat,MIA,heat,240.000000:00,110,37,30,7,10,2,6,14,2,1,3,1,10,11,4,11
22400159,1610612758,Sacramento,Kings,SAC,kings,240.000000:00,111,44,30,14,9,2,20,42,3,7,10,2,4,6,4,6
22400157,1610612737,Atlanta,Hawks,ATL,hawks,240.000000:00,93,36,14,22,17,0,10,23,1,4,5,4,8,11,8,12
22400157,1610612738,Boston,Celtics,BOS,celtics,240.000000:00,123,39,26,13,21,0,10,24,3,2,5,4,9,12,9,13
22400154,1610612739,Cleveland,Cavaliers,CLE,cavaliers,240.000000:00,116,41,25,16,9,0,7,18,2,1,3,1,2,3,1,3
22400154,1610612749,Milwaukee,Bucks,MIL,bucks,240.000000:00,114,44,30,14,9,0,1,3,2,2,4,0,2,2,1,2
22400162,1610612750,Minnesota,Timberwolves,MIN,timberwolves,240.000000:00,114,42,22,20,17,1,12,34,2,3,5,0,8,8,5,8
22400162,1610612766,Charlotte,Hornets,CHA,hornets,240.000000:00,93,32,10,22,15,0,3,7,0,4,4,2,2,4,1,4
22400168,1610612746,LA,Clippers,LAC,clippers,240.000000:00,113,41,20,21,10,0,9,22,4,2,6,2,4,6,6,6
22400168,1610612759,San Antonio,Spurs,SAS,spurs,240.000000:00,104,42,31,11,10,0,9,20,1,1,2,0,3,3,1,3
22400164,1610612740,New Orleans,Pelicans,NOP,pelicans,240.000000:00,100,33,22,11,7,0,12,28,0,0,0,0,3,3,1,3
22400164,1610612757,Portland,Trail Blazers,POR,blazers,240.000000:00,118,35,21,14,20,1,11,26,0,0,0,0,3,3,1,3
22400156,1610612765,Detroit,Pistons,DET,pistons,240.000000:00,115,33,25,8,8,0,11,24,1,0,1,2,2,4,4,4
22400156,1610612747,Los Angeles,Lakers,LAL,lakers,240.000000:00,103,30,19,11,15,1,7,17,0,0,0,1,0,1,1,1
22400161,1610612745,Houston,Rockets,HOU,rockets,240.000000:00,109,51,35,16,16,0,11,23,7,1,8,1,13,13,3,14
22400161,1610612752,New York,Knicks,NYK,knicks,240.000000:00,97,49,29,20,26,1,7,17,5,3,8,1,9,9,3,10
22400163,1610612760,Oklahoma City,Thunder,OKC,thunder,240.000000:00,102,40,22,18,22,1,4,10,1,3,4,0,3,3,0,3
22400163,1610612753,Orlando,Magic,ORL,magic,240.000000:00,86,45,31,14,18,0,2,4,0,0,0,1,2,2,1,3
22400158,1610612751,Brooklyn,Nets,BKN,nets,240.000000:00,106,33,19,14,17,1,9,18,1,0,1,2,6,8,5,8
22400158,1610612763,Memphis,Grizzlies,MEM,grizzlies,240.000000:00,104,41,24,17,12,1,2,4,3,1,4,3,3,6,3,6
22400155,1610612764,Washington,Wizards,WAS,wizards,240.000000:00,112,53,33,20,12,0,16,35,8,0,8,1,5,6,5,6
22400155,1610612744,Golden State,Warriors,GSW,warriors,240.000000:00,125,54,28,26,15,0,13,32,3,2,5,0,5,5,5,5
22400169,1610612766,Charlotte,Hornets,CHA,hornets,240.000000:00,108,52,35,17,16,0,14,35,4,4,8,1,12,13,8,13
22400169,1610612765,Detroit,Pistons,DET,pistons,240.000000:00,107,40,24,16,16,1,13,29,3,3,6,0,7,7,4,7
22400175,1610612740,New Orleans,Pelicans,NOP,pelicans,240.000000:00,122,22,15,7,13,0,3,9,1,4,5,0,1,1,0,1
22400175,1610612739,Cleveland,Cavaliers,CLE,cavaliers,240.000000:00,131,33,32,1,12,1,7,17,1,1,2,1,0,1,1,1
22400172,1610612738,Boston,Celtics,BOS,celtics,240.000000:00,112,46,27,19,9,1,5,14,5,0,5,1,0,1,1,1
22400172,1610612744,Golden State,Warriors,GSW,warriors,240.000000:00,118,37,21,16,16,0,10,27,1,1,2,1,11,12,5,12
22400174,1610612763,Memphis,Grizzlies,MEM,grizzlies,240.000000:00,131,41,18,23,11,0,2,4,2,1,3,0,5,5,2,5
22400174,1610612747,Los Angeles,Lakers,LAL,lakers,240.000000:00,114,38,28,10,18,0,6,14,4,1,5,0,2,2,0,2
22400176,1610612742,Dallas,Mavericks,DAL,mavericks,240.000000:00,119,31,15,16,19,0,6,13,2,2,4,1,5,6,3,6
22400176,1610612741,Chicago,Bulls,CHI,bulls,240.000000:00,99,35,16,19,13,0,3,6,3,3,6,0,4,4,2,4
22400173,1610612745,Houston,Rockets,HOU,rockets,240.000000:00,127,29,15,14,23,0,13,30,3,3,6,1,6,7,2,7
22400173,1610612759,San Antonio,Spurs,SAS,spurs,240.000000:00,100,43,32,11,20,0,6,14,2,6,8,2,2,4,2,4
22400178,1610612756,Phoenix,Suns,PHX,suns,240.000000:00,115,48,29,19,11,0,5,11,3,4,7,0,8,5,1,8
22400178,1610612748,Miami,Heat,MIA,heat,240.000000:00,112,43,21,22,22,0,6,14,4,4,8,2,13,14,5,15
22400179,1610612746,LA,Clippers,LAC,clippers,240.000000:00,110,32,20,12,15,0,5,12,0,2,2,1,1,2,1,2
22400179,1610612755,Philadelphia,76ers,PHI,sixers,240.000000:00,98,29,16,13,18,0,6,12,0,1,1,0,1,1,1,1
22400180,1610612758,Sacramento,Kings,SAC,kings,240.000000:00,122,36,20,16,19,0,11,25,3,0,3,3,2,5,4,5
22400180,1610612761,Toronto,Raptors,TOR,raptors,240.000000:00,107,29,21,8,18,1,12,25,0,1,1,0,2,2,1,2
22400177,1610612743,Denver,Nuggets,DEN,nuggets,240.000000:00,124,44,24,20,16,2,11,29,4,6,10,3,3,6,5,6
22400177,1610612760,Oklahoma City,Thunder,OKC,thunder,240.000000:00,122,47,26,21,33,2,2,4,3,7,10,0,4,4,1,4
22400170,1610612754,Indiana,Pacers,IND,pacers,240.000000:00,118,34,17,17,17,0,8,19,0,1,1,1,4,5,3,5
22400170,1610612753,Orlando,Magic,ORL,magic,240.000000:00,111,41,26,15,14,1,3,6,1,1,2,0,2,2,1,2
22400171,1610612737,Atlanta,Hawks,ATL,hawks,240.000000:00,121,43,18,25,26,0,9,22,2,4,6,1,4,5,4,5
22400171,1610612752,New York,Knicks,NYK,knicks,240.000000:00,116,39,23,16,10,0,9,23,0,5,5,1,2,3,2,3
22400183,1610612759,San Antonio,Spurs,SAS,spurs,240.000000:00,118,36,26,10,13,1,7,16,3,0,3,1,3,4,3,4
22400183,1610612757,Portland,Trail Blazers,POR,blazers,240.000000:00,105,29,14,15,11,0,10,21,2,1,3,2,3,4,3,5
22400182,1610612749,Milwaukee,Bucks,MIL,bucks,240.000000:00,123,34,17,17,21,0,6,15,0,1,1,1,8,9,5,9
22400182,1610612762,Utah,Jazz,UTA,jazz,240.000000:00,100,35,25,10,10,0,10,27,1,1,2,2,3,5,3,5
22400181,1610612741,Chicago,Bulls,CHI,bulls,240.000000:00,119,27,15,12,16,0,5,10,4,1,5,0,0,0,0,0
22400181,1610612750,Minnesota,Timberwolves,MIN,timberwolves,240.000000:00,135,23,15,8,13,1,12,32,2,1,3,0,0,0,0,0
22400192,1610612760,Oklahoma City,Thunder,OKC,thunder,240.000000:00,126,48,37,11,15,2,10,20,3,4,7,0,5,5,1,5
22400192,1610612745,Houston,Rockets,HOU,rockets,240.000000:00,107,42,30,12,12,0,10,22,4,4,8,4,2,6,3,6
22400184,1610612766,Charlotte,Hornets,CHA,hornets,240.000000:00,103,29,20,9,14,3,12,30,3,5,8,3,1,3,3,4
22400184,1610612754,Indiana,Pacers,IND,pacers,240.000000:00,83,33,14,19,13,0,4,9,3,3,6,0,8,6,2,8
22400191,1610612763,Memphis,Grizzlies,MEM,grizzlies,240.000000:00,128,42,31,11,13,1,0,0,1,0,1,1,3,4,2,4
22400191,1610612764,Washington,Wizards,WAS,wizards,240.000000:00,104,40,25,15,20,0,3,7,0,1,1,1,5,6,1,6
22400187,1610612738,Boston,Celtics,BOS,celtics,265.000000:00,108,48,28,20,18,0,3,8,0,1,1,1,1,2,1,2
22400187,1610612751,Brooklyn,Nets,BKN,nets,265.000000:00,104,44,17,27,13,0,6,14,1,3,4,1,1,2,2,2
22400189,1610612752,New York,Knicks,NYK,knicks,240.000000:00,116,30,23,7,17,0,5,12,0,1,1,2,2,4,3,4
22400189,1610612749,Milwaukee,Bucks,MIL,bucks,240.000000:00,94,32,19,13,5,0,4,9,1,0,1,0,1,1,0,1
22400190,1610612742,Dallas,Mavericks,DAL,mavericks,240.000000:00,113,37,22,15,15,1,9,20,2,3,5,2,3,5,2,5
22400190,1610612756,Phoenix,Suns,PHX,suns,240.000000:00,114,31,18,13,8,0,6,15,2,0,2,1,4,5,2,5
22400188,1610612739,Cleveland,Cavaliers,CLE,cavaliers,240.000000:00,136,47,28,19,23,0,5,13,2,3,5,1,5,6,3,6
22400188,1610612744,Golden State,Warriors,GSW,warriors,240.000000:00,117,35,17,18,24,0,11,26,2,2,4,2,5,7,4,7
22400185,1610612765,Detroit,Pistons,DET,pistons,240.000000:00,122,48,33,15,19,1,10,21,6,4,10,3,8,11,5,11
22400185,1610612737,Atlanta,Hawks,ATL,hawks,240.000000:00,121,48,34,14,31,2,6,15,5,1,6,2,6,8,5,8
22400186,1610612753,Orlando,Magic,ORL,magic,240.000000:00,115,42,31,11,18,0,7,18,2,6,8,3,8,11,6,11
22400186,1610612740,New Orleans,Pelicans,NOP,pelicans,240.000000:00,88,31,14,17,28,0,14,34,2,2,4,1,5,6,1,6
22400194,1610612743,Denver,Nuggets,DEN,nuggets,240.000000:00,135,36,17,19,13,0,11,26,0,6,6,0,0,0,0,0
22400194,1610612748,Miami,Heat,MIA,heat,240.000000:00,122,29,13,16,27,0,5,14,2,3,5,1,5,6,2,6
22400195,1610612747,Los Angeles,Lakers,LAL,lakers,240.000000:00,116,44,24,20,5,0,8,17,1,0,1,2,5,7,1,7
22400195,1610612755,Philadelphia,76ers,PHI,sixers,240.000000:00,106,25,18,7,23,1,9,20,0,5,5,2,5,7,2,7
22400193,1610612750,Minnesota,Timberwolves,MIN,timberwolves,240.000000:00,127,41,33,8,24,1,7,20,0,4,4,2,4,6,5,6
22400193,1610612757,Portland,Trail Blazers,POR,blazers,240.000000:00,102,44,27,17,20,1,7,15,2,5,7,0,2,2,1,2
22400196,1610612758,Sacramento,Kings,SAC,kings,240.000000:00,98,37,23,14,18,0,11,23,2,0,2,1,7,7,3,8
22400196,1610612746,LA,Clippers,LAC,clippers,240.000000:00,107,33,22,11,14,0,9,19,3,3,6,0,12,12,4,12
22400197,1610612759,San Antonio,Spurs,SAS,spurs,240.000000:00,110,42,28,14,23,0,8,20,4,5,9,1,3,4,2,4
22400197,1610612762,Utah,Jazz,UTA,jazz,240.000000:00,111,37,17,20,20,1,13,29,6,2,8,3,3,6,4,6
22400199,1610612739,Cleveland,Cavaliers,CLE,cavaliers,240.000000:00,105,32,14,18,22,0,8,19,0,2,2,0,12,12,5,12
22400199,1610612751,Brooklyn,Nets,BKN,nets,240.000000:00,100,24,16,8,12,1,5,12,1,2,3,1,9,10,4,10
22400198,1610612737,Atlanta,Hawks,ATL,hawks,240.000000:00,113,32,21,11,12,1,11,24,1,1,2,0,4,4,1,4
22400198,1610612741,Chicago,Bulls,CHI,bulls,240.000000:00,125,32,21,11,13,0,6,12,0,3,3,0,2,2,2,2
22400200,1610612746,LA,Clippers,LAC,clippers,240.000000:00,105,33,25,8,9,0,6,13,0,1,1,1,4,5,5,5
22400200,1610612761,Toronto,Raptors,TOR,raptors,240.000000:00,103,33,20,13,12,0,7,17,0,0,0,0,5,5,0,5
22400211,1610612747,Los Angeles,Lakers,LAL,lakers,240.000000:00,123,33,20,13,19,0,10,21,1,4,5,3,6,8,3,9
22400211,1610612761,Toronto,Raptors,TOR,raptors,240.000000:00,103,29,14,15,12,0,7,15,3,1,4,1,4,5,3,5
22400203,1610612754,Indiana,Pacers,IND,pacers,240.000000:00,132,37,24,13,21,0,13,30,1,0,1,1,3,4,1,4
22400203,1610612752,New York,Knicks,NYK,knicks,240.000000:00,121,43,17,26,13,0,8,18,1,1,2,1,10,10,3,11
22400207,1610612760,Oklahoma City,Thunder,OKC,thunder,240.000000:00,116,36,20,16,20,1,5,11,1,1,2,1,4,5,3,5
22400207,1610612744,Golden State,Warriors,GSW,warriors,240.000000:00,127,41,28,13,16,1,8,20,0,0,0,1,2,3,3,3
22400206,1610612750,Minnesota,Timberwolves,MIN,timberwolves,240.000000:00,94,25,19,6,21,1,7,18,0,4,4,1,9,10,3,10
22400206,1610612748,Miami,Heat,MIA,heat,240.000000:00,95,31,19,12,30,0,9,23,1,6,7,0,16,16,1,16
22400201,1610612765,Detroit,Pistons,DET,pistons,240.000000:00,99,46,32,14,1,1,9,20,3,1,4,1,4,5,3,5
22400201,1610612745,Houston,Rockets,HOU,rockets,240.000000:00,101,31,21,10,23,2,6,14,4,6,10,0,4,4,2,4
22400209,1610612756,Phoenix,Suns,PHX,suns,265.000000:00,118,33,27,6,8,0,10,24,1,2,3,0,1,1,1,1
22400209,1610612758,Sacramento,Kings,SAC,kings,265.000000:00,127,28,12,16,19,0,18,39,1,3,4,1,0,1,1,1
22400202,1610612749,Milwaukee,Bucks,MIL,bucks,240.000000:00,107,47,18,29,15,0,2,6,3,4,7,1,5,6,4,6
22400202,1610612738,Boston,Celtics,BOS,celtics,240.000000:00,113,33,19,14,19,1,7,20,2,0,2,0,8,8,3,8
22400208,1610612743,Denver,Nuggets,DEN,nuggets,240.000000:00,122,43,18,25,14,0,9,21,1,3,4,1,4,5,3,5
22400208,1610612742,Dallas,Mavericks,DAL,mavericks,240.000000:00,120,29,16,13,14,0,6,12,3,3,6,0,2,2,0,2
22400205,1610612755,Philadelphia,76ers,PHI,sixers,265.000000:00,107,33,13,20,18,0,6,13,1,7,8,0,6,6,3,6
22400205,1610612766,Charlotte,Hornets,CHA,hornets,265.000000:00,105,51,34,17,19,2,10,22,3,4,7,5,6,10,4,11
22400210,1610612757,Portland,Trail Blazers,POR,blazers,240.000000:00,89,37,21,16,16,0,5,11,2,1,3,0,2,2,2,2
22400210,1610612763,Memphis,Grizzlies,MEM,grizzlies,240.000000:00,134,60,36,24,21,0,3,7,0,1,1,0,4,4,2,4
22400204,1610612753,Orlando,Magic,ORL,magic,240.000000:00,121,23,15,8,13,2,6,14,0,1,1,3,3,6,5,6
22400204,1610612764,Washington,Wizards,WAS,wizards,240.000000:00,94,27,18,9,9,1,13,30,0,0,0,2,1,3,3,3
22400215,1610612760,Oklahoma City,Thunder,OKC,thunder,240.000000:00,134,45,24,21,27,1,7,17,3,2,5,0,5,4,1,5
22400215,1610612746,LA,Clippers,LAC,clippers,240.000000:00,128,46,19,27,15,0,3,9,0,1,1,0,3,2,1,3
22400214,1610612740,New Orleans,Pelicans,NOP,pelicans,240.000000:00,105,30,16,14,15,0,6,13,1,1,2,2,0,2,1,2
22400214,1610612751,Brooklyn,Nets,BKN,nets,240.000000:00,107,26,18,8,16,1,10,25,1,0,1,0,4,4,3,4
22400212,1610612741,Chicago,Bulls,CHI,bulls,240.000000:00,113,50,23,27,12,0,3,7,5,2,7,0,3,3,1,3
22400212,1610612739,Cleveland,Cavaliers,CLE,cavaliers,240.000000:00,119,42,22,20,25,0,5,13,1,3,4,2,2,4,3,4
22400213,1610612745,Houston,Rockets,HOU,rockets,240.000000:00,107,46,34,12,19,0,5,11,0,0,0,1,0,1,1,1
22400213,1610612764,Washington,Wizards,WAS,wizards,240.000000:00,92,40,29,11,15,0,11,25,0,3,3,1,4,5,2,5
22400216,1610612759,San Antonio,Spurs,SAS,spurs,240.000000:00,116,45,31,14,9,1,12,31,2,2,4,1,5,6,3,6
22400216,1610612758,Sacramento,Kings,SAC,kings,240.000000:00,96,43,18,25,15,1,8,17,2,3,5,2,1,3,2,3
22400001,1610612738,Boston,Celtics,BOS,celtics,240.000000:00,116,40,28,12,17,1,8,19,1,1,2,1,5,6,3,6
22400001,1610612737,Atlanta,Hawks,ATL,hawks,240.000000:00,117,25,11,14,24,0,7,15,3,1,4,2,4,6,2,6
22400008,1610612757,Portland,Trail Blazers,POR,blazers,240.000000:00,122,35,20,15,18,1,8,17,1,1,2,1,3,4,3,4
22400008,1610612750,Minnesota,Timberwolves,MIN,timberwolves,240.000000:00,108,33,22,11,21,1,6,17,1,3,4,0,2,2,2,2
22400007,1610612744,Golden State,Warriors,GSW,warriors,240.000000:00,120,38,22,16,16,2,17,44,4,5,9,4,10,13,9,14
22400007,1610612742,Dallas,Mavericks,DAL,mavericks,240.000000:00,117,29,17,12,16,0,7,16,1,3,4,3,0,2,2,3
22400006,1610612762,Utah,Jazz,UTA,jazz,240.000000:00,112,34,17,17,8,0,9,23,4,3,7,1,5,5,3,6
22400006,1610612756,Phoenix,Suns,PHX,suns,240.000000:00,120,39,22,17,14,0,8,19,1,4,5,0,5,4,2,5
22400005,1610612749,Milwaukee,Bucks,MIL,bucks,240.000000:00,99,48,39,9,30,0,5,15,3,2,5,1,0,1,1,1
22400005,1610612761,Toronto,Raptors,TOR,raptors,240.000000:00,85,44,21,23,29,1,5,11,0,5,5,1,8,9,3,9
22400004,1610612755,Philadelphia,76ers,PHI,sixers,240.000000:00,99,28,19,9,22,0,13,33,2,7,9,0,6,6,4,6
22400004,1610612752,New York,Knicks,NYK,knicks,240.000000:00,111,39,22,17,17,2,6,14,0,4,4,3,7,8,1,10
22400002,1610612765,Detroit,Pistons,DET,pistons,265.000000:00,123,40,23,17,10,0,12,26,1,2,3,1,5,6,2,6
22400002,1610612748,Miami,Heat,MIA,heat,265.000000:00,121,28,16,12,19,1,13,31,1,2,3,1,7,8,4,9
22400003,1610612753,Orlando,Magic,ORL,magic,240.000000:00,114,42,23,19,20,1,9,19,1,6,7,0,3,3,2,3
22400003,1610612766,Charlotte,Hornets,CHA,hornets,240.000000:00,89,35,20,15,17,0,5,12,0,1,1,2,9,11,7,11
22400218,1610612751,Brooklyn,Nets,BKN,nets,240.000000:00,114,43,21,22,11,1,7,19,1,0,1,0,9,9,3,9
22400218,1610612738,Boston,Celtics,BOS,celtics,240.000000:00,139,35,13,22,12,0,5,15,0,4,4,0,6,6,6,6
22400217,1610612753,Orlando,Magic,ORL,magic,240.000000:00,94,44,33,11,18,0,4,11,1,0,1,1,2,3,1,3
22400217,1610612754,Indiana,Pacers,IND,pacers,240.000000:00,90,36,23,13,16,0,2,5,1,2,3,0,3,3,0,3
22400220,1610612755,Philadelphia,76ers,PHI,sixers,240.000000:00,106,30,16,14,14,0,7,16,3,3,6,1,2,3,2,3
22400220,1610612739,Cleveland,Cavaliers,CLE,cavaliers,240.000000:00,114,51,31,20,11,0,12,28,2,2,4,0,3,3,2,3
22400224,1610612759,San Antonio,Spurs,SAS,spurs,240.000000:00,139,32,21,11,9,0,9,19,0,2,2,0,0,0,0,0
22400224,1610612764,Washington,Wizards,WAS,wizards,240.000000:00,130,41,20,21,9,0,14,35,2,1,3,1,2,3,2,3
22400227,1610612758,Sacramento,Kings,SAC,kings,240.000000:00,127,35,23,12,10,1,11,23,1,2,3,0,4,4,2,4
22400227,1610612756,Phoenix,Suns,PHX,suns,240.000000:00,104,23,18,5,19,0,6,16,3,1,4,2,2,4,4,4
22400226,1610612757,Portland,Trail Blazers,POR,blazers,240.000000:00,106,29,20,9,22,0,5,11,1,3,4,0,1,1,1,1
22400226,1610612750,Minnesota,Timberwolves,MIN,timberwolves,240.000000:00,98,29,20,9,20,0,3,7,3,2,5,0,1,1,1,1
22400222,1610612745,Houston,Rockets,HOU,rockets,240.000000:00,111,42,25,17,18,1,3,8,1,4,5,2,1,3,2,3
22400222,1610612746,LA,Clippers,LAC,clippers,240.000000:00,103,26,16,10,21,0,4,11,3,2,5,0,6,5,2,6
22400225,1610612747,Los Angeles,Lakers,LAL,lakers,240.000000:00,128,42,25,17,14,1,11,27,0,1,1,2,3,5,5,5
22400225,1610612763,Memphis,Grizzlies,MEM,grizzlies,240.000000:00,123,40,20,20,15,0,7,15,3,3,6,2,4,6,4,6
22400223,1610612749,Milwaukee,Bucks,MIL,bucks,265.000000:00,127,50,37,13,18,0,3,6,2,0,2,1,4,5,2,5
22400223,1610612765,Detroit,Pistons,DET,pistons,265.000000:00,120,50,32,18,18,0,9,25,4,0,4,0,1,1,1,1
22400221,1610612760,Oklahoma City,Thunder,OKC,thunder,240.000000:00,106,43,26,17,26,1,3,7,4,5,9,0,4,4,2,4
22400221,1610612740,New Orleans,Pelicans,NOP,pelicans,240.000000:00,88,43,26,17,8,0,4,11,3,1,4,3,0,3,3,3
22400219,1610612752,New York,Knicks,NYK,knicks,240.000000:00,123,41,23,18,13,1,8,16,1,3,4,1,6,7,4,7
22400219,1610612741,Chicago,Bulls,CHI,bulls,240.000000:00,124,43,26,17,12,0,3,7,5,5,10,2,5,7,3,7
22400228,1610612762,Utah,Jazz,UTA,jazz,240.000000:00,115,31,12,19,9,0,10,25,4,1,5,0,2,2,0,2
22400228,1610612742,Dallas,Mavericks,DAL,mavericks,240.000000:00,113,37,22,15,13,0,10,22,2,2,4,3,0,3,2,3
22400019,1610612744,Golden State,Warriors,GSW,warriors,240.000000:00,123,42,27,15,18,3,13,32,2,1,3,2,10,10,2,12
22400019,1610612763,Memphis,Grizzlies,MEM,grizzlies,240.000000:00,118,40,25,15,13,2,1,2,1,2,3,0,3,3,2,3
22400020,1610612758,Sacramento,Kings,SAC,kings,265.000000:00,126,41,25,16,18,1,10,21,1,0,1,1,12,12,0,13
22400020,1610612750,Minnesota,Timberwolves,MIN,timberwolves,265.000000:00,130,27,20,7,17,0,10,27,2,2,4,0,9,9,4,9
22400013,1610612739,Cleveland,Cavaliers,CLE,cavaliers,240.000000:00,144,39,27,12,19,0,6,15,2,0,2,1,4,4,2,5
22400013,1610612741,Chicago,Bulls,CHI,bulls,240.000000:00,126,34,13,21,11,0,3,8,0,2,2,0,2,2,1,2
22400014,1610612752,New York,Knicks,NYK,knicks,240.000000:00,124,37,16,21,16,0,1,2,0,1,1,2,2,4,3,4
22400014,1610612751,Brooklyn,Nets,BKN,nets,240.000000:00,122,33,17,16,19,0,15,35,1,2,3,1,5,6,3,6
22400011,1610612761,Toronto,Raptors,TOR,raptors,240.000000:00,95,39,23,16,28,0,3,8,5,2,7,2,5,7,6,8
22400011,1610612765,Detroit,Pistons,DET,pistons,240.000000:00,99,47,36,11,37,0,9,19,5,4,9,2,5,7,5,7
22400016,1610612745,Houston,Rockets,HOU,rockets,240.000000:00,125,30,15,15,22,1,3,7,2,0,2,1,3,4,3,4
22400016,1610612746,LA,Clippers,LAC,clippers,240.000000:00,104,39,21,18,15,0,4,9,3,3,6,2,6,8,5,8
22400012,1610612737,Atlanta,Hawks,ATL,hawks,240.000000:00,129,48,34,14,20,1,10,25,0,3,3,1,3,4,3,4
22400012,1610612764,Washington,Wizards,WAS,wizards,240.000000:00,117,43,24,19,14,0,4,9,0,1,1,1,0,1,1,1
22400010,1610612753,Orlando,Magic,ORL,magic,240.000000:00,98,34,22,12,28,1,8,18,1,2,3,0,7,5,1,7
22400010,1610612755,Philadelphia,76ers,PHI,sixers,240.000000:00,86,24,14,10,15,0,7,18,9,2,11,0,10,10,4,10
22400009,1610612754,Indiana,Pacers,IND,pacers,240.000000:00,111,29,13,16,13,0,7,16,1,2,3,0,4,4,1,4
22400009,1610612748,Miami,Heat,MIA,heat,240.000000:00,124,24,15,9,18,1,10,23,1,3,4,0,1,1,0,1
22400018,1610612760,Oklahoma City,Thunder,OKC,thunder,240.000000:00,99,33,23,10,14,2,6,14,1,3,4,2,7,9,3,9
22400018,1610612756,Phoenix,Suns,PHX,suns,240.000000:00,83,38,17,21,12,0,1,2,4,3,7,0,7,6,5,7
22400015,1610612759,San Antonio,Spurs,SAS,spurs,240.000000:00,115,28,16,12,12,0,7,16,1,1,2,0,1,1,1,1
22400015,1610612747,Los Angeles,Lakers,LAL,lakers,240.000000:00,120,27,12,15,14,0,5,12,1,3,4,0,1,1,0,1
22400017,1610612740,New Orleans,Pelicans,NOP,pelicans,240.000000:00,101,33,20,13,12,0,5,11,3,0,3,0,3,3,1,3
22400017,1610612743,Denver,Nuggets,DEN,nuggets,240.000000:00,94,48,34,14,17,0,5,13,0,2,2,0,6,6,2,6
22400230,1610612738,Boston,Celtics,BOS,celtics,265.000000:00,126,43,30,13,10,0,11,30,4,1,5,2,4,6,3,6
22400230,1610612761,Toronto,Raptors,TOR,raptors,265.000000:00,123,24,6,18,11,0,8,16,0,3,3,2,6,8,4,8
22400232,1610612742,Dallas,Mavericks,DAL,mavericks,240.000000:00,110,49,28,21,17,0,5,12,3,2,5,0,6,5,1,6
22400232,1610612759,San Antonio,Spurs,SAS,spurs,240.000000:00,93,35,25,10,15,0,0,0,2,2,4,0,1,1,1,1
22400231,1610612740,New Orleans,Pelicans,NOP,pelicans,240.000000:00,99,43,21,22,11,0,6,12,9,5,14,1,2,3,2,3
22400231,1610612747,Los Angeles,Lakers,LAL,lakers,240.000000:00,104,41,30,11,12,2,8,19,3,3,6,4,3,7,7,7
22400233,1610612758,Sacramento,Kings,SAC,kings,240.000000:00,121,42,31,11,20,0,14,34,5,4,9,2,9,10,5,11
22400233,1610612762,Utah,Jazz,UTA,jazz,240.000000:00,117,48,28,20,22,0,15,36,3,2,5,0,8,8,2,8
22400229,1610612766,Charlotte,Hornets,CHA,hornets,240.000000:00,115,43,28,15,14,0,2,5,4,1,5,4,7,11,7,11
22400229,1610612749,Milwaukee,Bucks,MIL,bucks,240.000000:00,114,43,31,12,13,0,6,14,1,1,2,1,1,2,1,2
22400239,1610612757,Portland,Trail Blazers,POR,blazers,240.000000:00,114,46,31,15,18,1,12,25,5,6,11,2,2,4,1,4
22400239,1610612737,Atlanta,Hawks,ATL,hawks,240.000000:00,110,50,28,22,21,1,2,5,8,4,12,1,3,4,3,4
22400237,1610612764,Washington,Wizards,WAS,wizards,240.000000:00,104,26,12,14,21,1,8,17,2,3,5,0,2,2,1,2
22400237,1610612765,Detroit,Pistons,DET,pistons,240.000000:00,124,23,20,3,13,0,9,24,1,2,3,1,1,2,2,2
22400235,1610612754,Indiana,Pacers,IND,pacers,240.000000:00,119,24,13,11,14,0,1,2,2,3,5,1,3,4,2,4
22400235,1610612748,Miami,Heat,MIA,heat,240.000000:00,110,27,19,8,8,0,7,19,3,0,3,0,2,2,0,2
22400238,1610612763,Memphis,Grizzlies,MEM,grizzlies,240.000000:00,105,43,35,8,15,0,5,10,4,4,8,0,2,2,1,2
22400238,1610612743,Denver,Nuggets,DEN,nuggets,240.000000:00,90,39,29,10,18,0,10,23,3,1,4,0,3,2,1,3
22400234,1610612750,Minnesota,Timberwolves,MIN,timberwolves,240.000000:00,120,37,27,10,13,1,6,14,4,2,6,1,4,3,1,5
22400234,1610612756,Phoenix,Suns,PHX,suns,240.000000:00,117,23,16,7,18,0,11,25,3,3,6,1,8,8,2,9
22400236,1610612739,Cleveland,Cavaliers,CLE,cavaliers,240.000000:00,128,25,15,10,15,0,12,29,4,1,5,0,4,4,1,4
22400236,1610612766,Charlotte,Hornets,CHA,hornets,240.000000:00,114,23,17,6,20,1,8,23,4,3,7,4,8,12,6,12
22400243,1610612746,LA,Clippers,LAC,clippers,240.000000:00,116,35,17,18,17,0,7,18,1,5,6,1,3,4,4,4
22400243,1610612762,Utah,Jazz,UTA,jazz,240.000000:00,105,26,13,13,11,1,8,20,2,2,4,0,5,5,2,5
22400241,1610612741,Chicago,Bulls,CHI,bulls,240.000000:00,107,43,27,16,11,0,2,5,2,0,2,1,1,1,1,2
22400241,1610612745,Houston,Rockets,HOU,rockets,240.000000:00,143,46,25,21,19,0,12,27,0,2,2,2,4,6,5,6
22400240,1610612752,New York,Knicks,NYK,knicks,240.000000:00,114,38,22,16,14,0,6,14,2,1,3,1,7,7,4,8
22400240,1610612751,Brooklyn,Nets,BKN,nets,240.000000:00,104,39,24,15,12,1,4,10,4,2,6,0,11,10,4,11
22400242,1610612760,Oklahoma City,Thunder,OKC,thunder,240.000000:00,119,30,23,7,20,0,10,20,1,1,2,0,1,1,1,1
22400242,1610612742,Dallas,Mavericks,DAL,mavericks,240.000000:00,121,30,17,13,10,0,6,13,1,0,1,3,1,4,3,4
22400251,1610612746,LA,Clippers,LAC,clippers,240.000000:00,102,39,17,22,21,0,2,5,1,0,1,0,5,5,4,5
22400251,1610612744,Golden State,Warriors,GSW,warriors,240.000000:00,99,52,32,20,18,0,4,11,1,0,1,0,2,2,1,2
22400250,1610612758,Sacramento,Kings,SAC,kings,240.000000:00,108,28,12,16,17,1,17,42,1,3,4,1,5,5,1,6
22400250,1610612737,Atlanta,Hawks,ATL,hawks,240.000000:00,109,32,16,16,17,0,3,9,0,1,1,0,5,5,5,5
22400249,1610612756,Phoenix,Suns,PHX,suns,240.000000:00,99,28,15,13,20,0,5,11,6,2,8,1,2,3,3,3
22400249,1610612753,Orlando,Magic,ORL,magic,240.000000:00,109,41,18,23,23,0,7,16,1,2,3,1,4,5,2,5
22400248,1610612749,Milwaukee,Bucks,MIL,bucks,240.000000:00,101,43,34,9,17,1,6,12,3,2,5,1,6,7,5,7
22400248,1610612745,Houston,Rockets,HOU,rockets,240.000000:00,100,46,26,20,18,0,9,20,1,2,3,0,2,2,0,2
22400245,1610612748,Miami,Heat,MIA,heat,240.000000:00,106,26,12,14,27,0,4,10,5,4,9,1,6,7,6,7
22400245,1610612755,Philadelphia,76ers,PHI,sixers,240.000000:00,89,28,12,16,27,0,3,6,3,2,5,0,1,1,1,1
22400247,1610612761,Toronto,Raptors,TOR,raptors,240.000000:00,130,41,23,18,14,1,7,14,2,0,2,1,9,10,6,10
22400247,1610612754,Indiana,Pacers,IND,pacers,240.000000:00,119,41,25,16,27,1,3,7,2,3,5,2,2,3,3,4
22400246,1610612752,New York,Knicks,NYK,knicks,240.000000:00,134,38,26,12,12,1,9,23,3,1,4,0,5,5,2,5
22400246,1610612764,Washington,Wizards,WAS,wizards,240.000000:00,106,47,22,25,6,0,6,14,2,1,3,1,2,3,2,3
22400244,1610612765,Detroit,Pistons,DET,pistons,240.000000:00,112,51,25,26,11,0,10,28,1,1,2,3,4,7,4,7
22400244,1610612741,Chicago,Bulls,CHI,bulls,240.000000:00,122,57,30,27,13,0,9,22,2,2,4,1,10,10,5,11
22400025,1610612759,San Antonio,Spurs,SAS,spurs,240.000000:00,110,39,19,20,6,0,3,8,1,3,4,3,3,6,3,6
22400025,1610612760,Oklahoma City,Thunder,OKC,thunder,240.000000:00,104,39,18,21,30,1,5,11,0,7,7,2,5,7,4,7
22400024,1610612742,Dallas,Mavericks,DAL,mavericks,240.000000:00,132,40,28,12,16,0,9,22,2,5,7,3,6,9,5,9
22400024,1610612740,New Orleans,Pelicans,NOP,pelicans,240.000000:00,91,39,30,9,15,0,6,15,1,5,6,1,2,3,2,3
22400026,1610612747,Los Angeles,Lakers,LAL,lakers,240.000000:00,124,37,19,18,14,0,9,22,1,2,3,0,4,4,3,4
22400026,1610612762,Utah,Jazz,UTA,jazz,240.000000:00,118,18,11,7,19,0,14,38,1,4,5,1,6,7,7,7
22400023,1610612763,Memphis,Grizzlies,MEM,grizzlies,240.000000:00,110,41,27,14,27,2,1,3,3,0,3,1,6,7,1,7
22400023,1610612743,Denver,Nuggets,DEN,nuggets,240.000000:00,122,41,32,9,23,1,7,14,1,1,2,2,8,10,3,10
22400022,1610612751,Brooklyn,Nets,BKN,nets,240.000000:00,116,35,20,15,16,1,8,21,2,2,4,1,2,3,2,3
22400022,1610612766,Charlotte,Hornets,CHA,hornets,240.000000:00,115,35,13,22,16,2,8,24,0,0,0,1,0,1,1,1
22400021,1610612738,Boston,Celtics,BOS,celtics,240.000000:00,120,48,32,16,8,0,6,16,3,0,3,0,9,9,7,9
22400021,1610612739,Cleveland,Cavaliers,CLE,cavaliers,240.000000:00,117,45,26,19,9,1,14,31,4,1,5,2,8,10,5,10
22400255,1610612763,Memphis,Grizzlies,MEM,grizzlies,240.000000:00,117,45,28,17,10,0,1,2,3,0,3,0,1,1,1,1
22400255,1610612755,Philadelphia,76ers,PHI,sixers,240.000000:00,111,29,12,17,23,0,5,11,1,3,4,1,4,5,3,5
22400253,1610612749,Milwaukee,Bucks,MIL,bucks,240.000000:00,122,38,21,17,19,1,11,25,3,2,5,3,4,7,6,7
22400253,1610612741,Chicago,Bulls,CHI,bulls,240.000000:00,106,35,15,20,12,0,13,29,1,5,6,2,3,5,4,5
22400254,1610612745,Houston,Rockets,HOU,rockets,240.000000:00,130,44,32,12,16,0,8,17,4,6,10,4,2,6,4,6
22400254,1610612754,Indiana,Pacers,IND,pacers,240.000000:00,113,44,31,13,16,1,4,10,4,2,6,1,3,4,2,4
22400256,1610612760,Oklahoma City,Thunder,OKC,thunder,240.000000:00,109,38,24,14,22,2,7,14,1,3,4,3,4,5,3,7
22400256,1610612757,Portland,Trail Blazers,POR,blazers,240.000000:00,99,47,35,12,15,0,5,13,4,1,5,2,0,1,1,2
22400257,1610612756,Phoenix,Suns,PHX,suns,240.000000:00,122,36,18,18,22,0,16,36,0,3,3,2,7,8,3,9
22400257,1610612752,New York,Knicks,NYK,knicks,240.000000:00,138,41,16,25,15,0,12,29,3,1,4,1,9,10,6,10
22400258,1610612744,Golden State,Warriors,GSW,warriors,240.000000:00,120,37,27,10,23,0,10,23,1,3,4,1,10,11,2,11
22400258,1610612737,Atlanta,Hawks,ATL,hawks,240.000000:00,97,31,22,9,26,0,5,12,1,3,4,0,7,6,2,7
22400259,1610612746,LA,Clippers,LAC,clippers,240.000000:00,104,30,12,18,16,0,4,8,1,0,1,1,0,1,1,1
22400259,1610612753,Orlando,Magic,ORL,magic,240.000000:00,93,44,27,17,20,1,2,4,0,0,0,0,1,1,0,1
22400252,1610612739,Cleveland,Cavaliers,CLE,cavaliers,240.000000:00,128,53,36,17,22,0,9,23,2,1,3,0,9,9,7,9
22400252,1610612740,New Orleans,Pelicans,NOP,pelicans,240.000000:00,100,44,23,21,17,0,8,16,3,2,5,1,4,5,1,5
22400260,1610612766,Charlotte,Hornets,CHA,hornets,265.000000:00,123,53,29,24,22,0,14,36,1,2,3,0,5,5,2,5
22400260,1610612765,Detroit,Pistons,DET,pistons,265.000000:00,121,48,32,16,12,0,8,20,8,2,10,1,9,10,6,10
22400262,1610612759,San Antonio,Spurs,SAS,spurs,240.000000:00,126,44,28,16,18,1,5,11,4,3,7,1,7,8,1,8
22400262,1610612762,Utah,Jazz,UTA,jazz,240.000000:00,118,39,28,11,12,1,7,19,1,2,3,3,9,12,4,12
22400261,1610612761,Toronto,Raptors,TOR,raptors,240.000000:00,110,37,19,18,25,0,10,22,5,6,11,1,7,8,4,8
22400261,1610612750,Minnesota,Timberwolves,MIN,timberwolves,240.000000:00,105,34,22,12,26,0,10,24,6,1,7,0,4,3,1,4
22400263,1610612747,Los Angeles,Lakers,LAL,lakers,240.000000:00,118,40,21,19,9,2,14,35,2,6,8,6,3,9,8,9
22400263,1610612753,Orlando,Magic,ORL,magic,240.000000:00,119,44,29,15,13,0,11,25,3,1,4,5,4,9,6,9
22400028,1610612764,Washington,Wizards,WAS,wizards,240.000000:00,96,31,14,17,10,1,12,27,0,4,4,2,7,9,4,9
22400028,1610612738,Boston,Celtics,BOS,celtics,240.000000:00,108,41,28,13,9,0,5,13,2,3,5,0,4,4,2,4
22400027,1610612755,Philadelphia,76ers,PHI,sixers,240.000000:00,113,33,17,16,22,0,3,6,4,4,8,2,3,5,2,5
22400027,1610612751,Brooklyn,Nets,BKN,nets,240.000000:00,98,40,19,21,6,1,5,12,2,5,7,0,2,2,1,2
22400030,1610612741,Chicago,Bulls,CHI,bulls,240.000000:00,136,40,30,10,19,0,4,10,3,4,7,0,7,7,2,7
22400030,1610612737,Atlanta,Hawks,ATL,hawks,240.000000:00,122,42,21,21,19,1,7,16,1,2,3,2,2,4,4,4
22400031,1610612745,Houston,Rockets,HOU,rockets,240.000000:00,116,40,25,15,14,0,8,18,1,2,3,1,9,8,4,10
22400031,1610612757,Portland,Trail Blazers,POR,blazers,240.000000:00,88,40,21,19,22,1,4,10,1,1,2,0,7,7,3,7
22400032,1610612740,New Orleans,Pelicans,NOP,pelicans,240.000000:00,108,39,19,20,16,0,6,12,3,0,3,1,7,8,4,8
22400032,1610612744,Golden State,Warriors,GSW,warriors,240.000000:00,112,53,31,22,21,0,9,21,2,2,4,3,12,15,7,15
22400029,1610612749,Milwaukee,Bucks,MIL,bucks,240.000000:00,129,35,22,13,24,0,4,9,0,4,4,2,2,4,2,4
22400029,1610612754,Indiana,Pacers,IND,pacers,240.000000:00,117,34,17,17,20,0,5,11,2,5,7,2,4,6,2,6
22400033,1610612743,Denver,Nuggets,DEN,nuggets,240.000000:00,120,36,28,8,12,0,7,17,1,1,2,4,5,9,8,9
22400033,1610612742,Dallas,Mavericks,DAL,mavericks,240.000000:00,123,40,32,8,16,0,6,13,0,5,5,2,3,5,3,5
22400034,1610612746,LA,Clippers,LAC,clippers,240.000000:00,104,37,22,15,19,0,3,6,0,2,2,1,2,3,2,3
22400034,1610612758,Sacramento,Kings,SAC,kings,240.000000:00,88,39,21,18,8,1,9,20,1,3,4,0,7,7,4,7
22400266,1610612741,Chicago,Bulls,CHI,bulls,240.000000:00,131,51,30,21,9,0,8,17,2,0,2,1,6,7,2,7
22400266,1610612763,Memphis,Grizzlies,MEM,grizzlies,240.000000:00,142,40,25,15,10,0,4,10,1,0,1,0,4,4,2,4
22400268,1610612749,Milwaukee,Bucks,MIL,bucks,240.000000:00,125,47,30,17,10,0,11,29,1,5,6,2,13,15,7,15
22400268,1610612766,Charlotte,Hornets,CHA,hornets,240.000000:00,119,40,27,13,15,0,6,16,2,1,3,1,5,5,3,6
22400265,1610612753,Orlando,Magic,ORL,magic,240.000000:00,111,37,28,9,19,1,9,21,4,2,6,0,4,4,1,4
22400265,1610612765,Detroit,Pistons,DET,pistons,240.000000:00,100,40,27,13,14,1,12,28,3,3,6,1,4,5,3,5
22400269,1610612759,San Antonio,Spurs,SAS,spurs,240.000000:00,104,37,21,16,14,0,3,9,4,2,6,1,6,6,3,7
22400269,1610612744,Golden State,Warriors,GSW,warriors,240.000000:00,94,45,16,29,6,0,8,21,5,1,6,3,5,7,4,8
22400267,1610612745,Houston,Rockets,HOU,rockets,240.000000:00,98,43,22,21,21,1,10,22,4,1,5,0,2,2,1,2
22400267,1610612757,Portland,Trail Blazers,POR,blazers,240.000000:00,104,51,37,14,16,1,9,22,1,1,2,1,2,3,1,3
22400270,1610612747,Los Angeles,Lakers,LAL,lakers,240.000000:00,102,22,10,12,15,0,5,11,2,3,5,0,1,1,0,1
22400270,1610612743,Denver,Nuggets,DEN,nuggets,240.000000:00,127,19,12,7,13,0,11,27,0,1,1,0,1,1,1,1
22400264,1610612762,Utah,Jazz,UTA,jazz,240.000000:00,121,55,32,23,16,1,13,34,2,1,3,1,5,6,4,6
22400264,1610612752,New York,Knicks,NYK,knicks,240.000000:00,106,48,29,19,22,1,9,20,0,5,5,1,7,8,4,8
22400271,1610612738,Boston,Celtics,BOS,celtics,240.000000:00,107,38,18,20,14,0,7,17,1,0,1,0,2,2,1,2
22400271,1610612750,Minnesota,Timberwolves,MIN,timberwolves,240.000000:00,105,41,13,28,10,0,6,14,0,0,0,2,0,2,2,2
22400275,1610612739,Cleveland,Cavaliers,CLE,cavaliers,240.000000:00,122,38,24,14,19,0,14,33,0,3,3,1,10,11,2,11
22400275,1610612761,Toronto,Raptors,TOR,raptors,240.000000:00,108,30,18,12,23,0,6,14,0,3,3,1,7,8,1,8
22400276,1610612758,Sacramento,Kings,SAC,kings,240.000000:00,103,24,13,11,20,0,6,14,3,5,8,1,1,2,1,2
22400276,1610612751,Brooklyn,Nets,BKN,nets,240.000000:00,108,24,18,6,17,2,12,29,2,2,4,0,0,0,0,0
22400274,1610612755,Philadelphia,76ers,PHI,sixers,240.000000:00,99,29,14,15,13,0,2,5,1,3,4,2,7,8,3,9
22400274,1610612746,LA,Clippers,LAC,clippers,240.000000:00,125,36,11,25,14,0,3,9,1,0,1,3,12,15,6,15
22400284,1610612744,Golden State,Warriors,GSW,warriors,240.000000:00,120,45,20,25,17,1,5,13,1,0,1,0,5,5,1,5
22400284,1610612751,Brooklyn,Nets,BKN,nets,240.000000:00,128,40,20,20,13,0,5,11,1,1,2,3,4,7,4,7
22400285,1610612758,Sacramento,Kings,SAC,kings,240.000000:00,109,40,24,16,18,1,10,20,0,0,0,1,2,3,2,3
22400285,1610612760,Oklahoma City,Thunder,OKC,thunder,240.000000:00,130,37,25,12,17,3,14,30,2,3,5,2,9,10,7,11
22400283,1610612743,Denver,Nuggets,DEN,nuggets,240.000000:00,118,44,25,19,9,0,7,15,2,2,4,0,5,5,4,5
22400283,1610612752,New York,Knicks,NYK,knicks,240.000000:00,145,43,29,14,17,1,7,18,2,2,4,0,5,5,3,5
22400281,1610612738,Boston,Celtics,BOS,celtics,240.000000:00,126,51,37,14,12,0,10,27,3,2,5,2,5,7,5,7
22400281,1610612746,LA,Clippers,LAC,clippers,240.000000:00,94,38,16,22,12,0,7,14,3,2,5,2,4,6,1,6
22400279,1610612754,Indiana,Pacers,IND,pacers,240.000000:00,114,30,18,12,12,0,2,6,0,0,0,0,2,2,1,2
22400279,1610612740,New Orleans,Pelicans,NOP,pelicans,240.000000:00,110,32,17,15,14,0,9,18,0,0,0,0,1,1,1,1
22400282,1610612763,Memphis,Grizzlies,MEM,grizzlies,240.000000:00,123,63,38,25,22,0,1,2,2,5,7,2,12,13,4,14
22400282,1610612757,Portland,Trail Blazers,POR,blazers,240.000000:00,98,39,26,13,29,0,3,6,5,4,9,2,3,5,3,5
22400280,1610612737,Atlanta,Hawks,ATL,hawks,240.000000:00,119,41,28,13,22,0,4,9,1,4,5,3,5,8,5,8
22400280,1610612742,Dallas,Mavericks,DAL,mavericks,240.000000:00,129,45,34,11,18,0,13,29,4,4,8,0,9,8,2,9
22400278,1610612765,Detroit,Pistons,DET,pistons,240.000000:00,102,36,24,12,10,2,6,14,1,3,4,0,1,1,0,1
22400278,1610612761,Toronto,Raptors,TOR,raptors,240.000000:00,100,24,11,13,15,0,11,22,2,3,5,0,1,1,1,1
22400039,1610612756,Phoenix,Suns,PHX,suns,240.000000:00,127,36,20,16,16,0,16,37,0,0,0,1,9,10,5,10
22400039,1610612747,Los Angeles,Lakers,LAL,lakers,240.000000:00,100,41,29,12,19,0,13,27,0,1,1,1,2,3,1,3
22400038,1610612762,Utah,Jazz,UTA,jazz,240.000000:00,115,38,13,25,12,1,11,27,1,1,2,2,6,8,1,8
22400038,1610612759,San Antonio,Spurs,SAS,spurs,240.000000:00,128,35,19,16,24,0,5,14,1,1,2,0,6,6,2,6
22400037,1610612750,Minnesota,Timberwolves,MIN,timberwolves,265.000000:00,111,29,19,10,18,0,12,27,1,1,2,1,2,3,3,3
22400037,1610612745,Houston,Rockets,HOU,rockets,265.000000:00,117,31,22,9,13,1,7,15,3,3,6,0,2,2,1,2
22400036,1610612748,Miami,Heat,MIA,heat,240.000000:00,103,26,11,15,11,0,2,6,1,1,2,0,2,2,1,2
22400036,1610612749,Milwaukee,Bucks,MIL,bucks,240.000000:00,106,19,14,5,8,1,8,24,1,0,1,0,1,0,0,1
22400035,1610612764,Washington,Wizards,WAS,wizards,240.000000:00,108,37,17,20,13,0,7,15,0,2,2,0,0,0,0,0
22400035,1610612741,Chicago,Bulls,CHI,bulls,240.000000:00,127,31,13,18,13,0,4,9,1,3,4,0,1,1,0,1
22400291,1610612764,Washington,Wizards,WAS,wizards,240.000000:00,96,42,24,18,15,0,5,11,0,2,2,0,0,0,0,0
22400291,1610612746,LA,Clippers,LAC,clippers,240.000000:00,121,25,19,6,20,0,7,16,2,4,6,1,3,4,3,4
22400286,1610612766,Charlotte,Hornets,CHA,hornets,240.000000:00,94,22,15,7,15,0,9,23,1,1,2,5,5,9,4,10
22400286,1610612748,Miami,Heat,MIA,heat,240.000000:00,98,46,21,25,8,0,12,31,0,0,0,0,10,10,6,10
22400288,1610612754,Indiana,Pacers,IND,pacers,240.000000:00,121,44,27,17,22,0,10,24,2,3,5,1,9,10,4,10
22400288,1610612757,Portland,Trail Blazers,POR,blazers,240.000000:00,114,52,30,22,12,1,8,20,1,0,1,0,1,0,0,1
22400293,1610612763,Memphis,Grizzlies,MEM,grizzlies,240.000000:00,131,50,28,22,29,0,2,4,2,5,7,0,10,9,0,10
22400293,1610612765,Detroit,Pistons,DET,pistons,240.000000:00,111,55,28,27,14,0,20,50,6,4,10,1,19,20,5,20
22400294,1610612750,Minnesota,Timberwolves,MIN,timberwolves,240.000000:00,104,31,18,13,16,0,10,27,0,0,0,1,2,2,2,3
22400294,1610612758,Sacramento,Kings,SAC,kings,240.000000:00,115,27,12,15,15,2,10,22,0,1,1,0,2,2,1,2
22400299,1610612744,Golden State,Warriors,GSW,warriors,240.000000:00,101,46,25,21,9,2,6,14,1,0,1,0,1,1,1,1
22400299,1610612760,Oklahoma City,Thunder,OKC,thunder,240.000000:00,105,47,23,24,16,0,6,15,0,0,0,0,3,3,3,3
22400297,1610612756,Phoenix,Suns,PHX,suns,240.000000:00,117,40,17,23,22,0,4,9,1,2,3,1,2,3,0,3
22400297,1610612751,Brooklyn,Nets,BKN,nets,240.000000:00,127,39,20,19,21,1,4,11,2,3,5,1,3,4,2,4
22400298,1610612762,Utah,Jazz,UTA,jazz,240.000000:00,103,30,17,13,13,1,6,16,3,1,4,1,2,3,2,3
22400298,1610612743,Denver,Nuggets,DEN,nuggets,240.000000:00,122,42,20,22,14,1,16,38,3,2,5,3,8,11,8,11
22400292,1610612742,Dallas,Mavericks,DAL,mavericks,240.000000:00,129,47,29,18,20,1,5,11,3,1,4,1,3,4,2,4
22400292,1610612752,New York,Knicks,NYK,knicks,240.000000:00,114,41,22,19,16,2,9,19,4,1,5,1,4,5,4,5
22400295,1610612740,New Orleans,Pelicans,NOP,pelicans,240.000000:00,93,40,20,20,27,1,9,24,3,2,5,1,10,11,6,11
22400295,1610612761,Toronto,Raptors,TOR,raptors,240.000000:00,119,49,32,17,19,0,7,16,1,3,4,0,12,11,4,12
22400289,1610612753,Orlando,Magic,ORL,magic,240.000000:00,133,30,10,20,12,0,8,18,2,1,3,1,0,1,1,1
22400289,1610612741,Chicago,Bulls,CHI,bulls,240.000000:00,119,35,18,17,12,0,5,12,1,0,1,0,0,0,0,0
22400290,1610612755,Philadelphia,76ers,PHI,sixers,265.000000:00,115,43,27,16,18,1,16,39,2,3,5,0,3,3,2,3
22400290,1610612745,Houston,Rockets,HOU,rockets,265.000000:00,122,50,39,11,13,0,8,19,2,3,5,1,2,2,1,3
22400296,1610612759,San Antonio,Spurs,SAS,spurs,240.000000:00,101,35,22,13,13,0,0,0,1,1,2,0,0,0,0,0
22400296,1610612747,Los Angeles,Lakers,LAL,lakers,240.000000:00,119,26,16,10,9,0,4,9,1,2,3,2,0,2,2,2
22400272,1610612754,Indiana,Pacers,IND,pacers,240.000000:00,115,35,18,17,24,0,4,8,2,3,5,1,5,6,5,6
22400272,1610612764,Washington,Wizards,WAS,wizards,240.000000:00,103,34,18,16,18,1,10,20,2,2,4,1,5,6,3,6
22400273,1610612748,Miami,Heat,MIA,heat,265.000000:00,123,51,33,18,12,1,15,35,2,2,4,5,28,29,11,33
22400273,1610612742,Dallas,Mavericks,DAL,mavericks,265.000000:00,118,61,43,18,13,0,7,16,1,2,3,1,13,13,5,14
22400277,1610612766,Charlotte,Hornets,CHA,hornets,240.000000:00,84,36,27,9,15,0,7,16,5,2,7,0,8,8,2,8
22400277,1610612753,Orlando,Magic,ORL,magic,240.000000:00,95,32,17,15,19,0,3,6,3,2,5,2,6,8,5,8
22400287,1610612739,Cleveland,Cavaliers,CLE,cavaliers,240.000000:00,124,47,30,17,16,0,10,21,4,5,9,0,4,4,4,4
22400287,1610612737,Atlanta,Hawks,ATL,hawks,240.000000:00,135,41,21,20,17,0,6,17,5,4,9,2,8,10,5,10
22400048,1610612747,Los Angeles,Lakers,LAL,lakers,240.000000:00,93,46,30,16,16,0,8,19,0,1,1,1,6,7,2,7
22400048,1610612760,Oklahoma City,Thunder,OKC,thunder,240.000000:00,101,43,20,23,14,1,5,11,3,4,7,5,7,11,5,12
22400049,1610612757,Portland,Trail Blazers,POR,blazers,240.000000:00,115,30,18,12,20,1,7,15,6,2,8,1,6,6,0,7
22400049,1610612758,Sacramento,Kings,SAC,kings,240.000000:00,106,49,29,20,16,0,10,25,2,1,3,2,14,13,0,16
22400047,1610612741,Chicago,Bulls,CHI,bulls,240.000000:00,129,55,26,29,11,0,10,25,1,2,3,0,4,4,1,4
22400047,1610612738,Boston,Celtics,BOS,celtics,240.000000:00,138,43,15,28,9,0,15,38,1,1,2,0,6,6,1,6
22400045,1610612754,Indiana,Pacers,IND,pacers,240.000000:00,106,37,21,16,19,0,8,20,2,6,8,1,1,2,1,2
22400045,1610612765,Detroit,Pistons,DET,pistons,240.000000:00,130,37,25,12,13,0,16,39,4,8,12,1,4,5,3,5
22400046,1610612748,Miami,Heat,MIA,heat,240.000000:00,121,38,19,19,29,1,12,29,3,2,5,1,8,8,4,9
22400046,1610612761,Toronto,Raptors,TOR,raptors,240.000000:00,111,52,18,34,18,1,3,8,0,2,2,0,5,5,0,5
22400044,1610612750,Minnesota,Timberwolves,MIN,timberwolves,240.000000:00,93,33,27,6,17,1,5,14,3,2,5,1,1,2,1,2
22400044,1610612746,LA,Clippers,LAC,clippers,240.000000:00,92,25,15,10,19,0,6,13,2,0,2,2,3,5,3,5
22400043,1610612751,Brooklyn,Nets,BKN,nets,240.000000:00,100,40,27,13,7,1,13,29,1,2,3,1,7,8,4,8
22400043,1610612753,Orlando,Magic,ORL,magic,240.000000:00,123,45,27,18,18,0,2,4,4,1,5,1,2,3,1,3
22400041,1610612737,Atlanta,Hawks,ATL,hawks,240.000000:00,117,33,23,10,22,1,7,15,7,2,9,3,4,7,6,7
22400041,1610612739,Cleveland,Cavaliers,CLE,cavaliers,240.000000:00,101,38,24,14,26,0,11,26,2,1,3,2,1,1,1,3
22400040,1610612766,Charlotte,Hornets,CHA,hornets,240.000000:00,98,28,18,10,11,0,14,36,5,0,5,1,6,7,4,7
22400040,1610612752,New York,Knicks,NYK,knicks,240.000000:00,99,46,26,20,16,1,9,22,1,7,8,2,6,8,4,8
22400042,1610612763,Memphis,Grizzlies,MEM,grizzlies,240.000000:00,120,56,41,15,15,0,4,8,2,1,3,0,7,7,6,7
22400042,1610612740,New Orleans,Pelicans,NOP,pelicans,240.000000:00,109,35,22,13,27,1,15,35,1,4,5,0,2,2,1,2
