,gameId,GAME_DATE,HOME_TEAM_ABBREVIATION,HOME_TEAM_PTS,AWAY_TEAM_ABBREVIATION,AWAY_TEAM_PTS
0,0022300062,2023-10-24,GSW,104,PHX,108
1,0022300061,2023-10-24,DEN,119,LAL,107
2,0022300066,2023-10-25,ORL,116,HOU,86
3,0022300072,2023-10-25,UTA,114,SAC,130
4,0022300074,2023-10-25,LAC,123,POR,111
5,0022300071,2023-10-25,MEM,104,NOP,111
6,0022300070,2023-10-25,CHI,104,OKC,124
7,0022300067,2023-10-25,BKN,113,CLE,114
8,0022300069,2023-10-25,TOR,97,MIN,94
9,0022300068,2023-10-25,MIA,103,DET,102
10,0022300065,2023-10-25,NYK,104,BOS,108
11,0022300063,2023-10-25,CHA,116,ATL,110
12,0022300064,2023-10-25,IND,143,WAS,120
13,0022300073,2023-10-25,SAS,119,DAL,126
14,0022300076,2023-10-26,LAL,100,PHX,95
15,0022300075,2023-10-26,MIL,118,PHI,117
16,0022300083,2023-10-27,SAS,126,HOU,122
17,0022300087,2023-10-27,SAC,114,GSW,122
18,0022300086,2023-10-27,POR,97,ORL,102
19,0022300084,2023-10-27,DAL,125,BKN,120
20,0022300078,2023-10-27,MEM,104,DEN,108
21,0022300085,2023-10-27,UTA,120,LAC,118
22,0022300082,2023-10-27,CHI,104,TOR,103
23,0022300081,2023-10-27,CLE,105,OKC,108
24,0022300080,2023-10-27,BOS,119,MIA,111
25,0022300079,2023-10-27,ATL,120,NYK,126
26,0022300077,2023-10-27,CHA,99,DET,111
27,0022300094,2023-10-28,PHX,126,UTA,104
28,0022300088,2023-10-28,DET,118,CHI,102
29,0022300092,2023-10-28,TOR,107,PHI,114
30,0022300093,2023-10-28,MIN,106,MIA,90
31,0022300089,2023-10-28,WAS,113,MEM,106
32,0022300091,2023-10-28,CLE,113,IND,125
33,0022300090,2023-10-28,NOP,96,NYK,87
34,0022300098,2023-10-29,PHI,126,POR,98
35,0022300099,2023-10-29,LAC,123,SAS,83
36,0022300100,2023-10-29,SAC,132,LAL,127
37,0022300097,2023-10-29,MIL,110,ATL,127
38,0022300096,2023-10-29,HOU,95,GSW,106
39,0022300095,2023-10-29,OKC,95,DEN,128
40,0022300111,2023-10-30,LAL,106,ORL,103
41,0022300108,2023-10-30,NOP,102,GSW,130
42,0022300103,2023-10-30,WAS,107,BOS,126
43,0022300102,2023-10-30,IND,105,CHI,112
44,0022300110,2023-10-30,DEN,110,UTA,102
45,0022300107,2023-10-30,MIL,122,MIA,114
46,0022300106,2023-10-30,MEM,110,DAL,125
47,0022300105,2023-10-30,TOR,91,POR,99
48,0022300104,2023-10-30,ATL,127,MIN,113
49,0022300101,2023-10-30,CHA,121,BKN,133
50,0022300109,2023-10-30,OKC,124,DET,112
51,0022300112,2023-10-31,CLE,91,NYK,109
52,0022300113,2023-10-31,PHX,114,SAS,115
53,0022300114,2023-10-31,LAC,118,ORL,102
54,0022300127,2023-11-01,LAL,130,LAC,125
55,0022300126,2023-11-01,GSW,102,SAC,101
56,0022300120,2023-11-01,NYK,89,CLE,95
57,0022300117,2023-11-01,ATL,130,WAS,121
58,0022300125,2023-11-01,UTA,133,MEM,109
59,0022300116,2023-11-01,TOR,130,MIL,111
60,0022300124,2023-11-01,DAL,114,CHI,105
61,0022300123,2023-11-01,MIN,110,DEN,89
62,0022300121,2023-11-01,OKC,106,NOP,110
63,0022300122,2023-11-01,HOU,128,CHA,119
64,0022300119,2023-11-01,MIA,105,BKN,109
65,0022300118,2023-11-01,BOS,155,IND,104
66,0022300115,2023-11-01,DET,101,POR,110
67,0022300131,2023-11-02,PHX,121,SAS,132
68,0022300129,2023-11-02,NOP,125,DET,116
69,0022300128,2023-11-02,PHI,114,TOR,99
70,0022300130,2023-11-02,UTA,113,ORL,115
71,0022300001,2023-11-03,IND,121,CLE,116
72,0022300004,2023-11-03,CHI,107,BKN,109
73,0022300003,2023-11-03,MIA,121,WAS,114
74,0022300005,2023-11-03,OKC,139,GSW,141
75,0022300007,2023-11-03,POR,115,MEM,113
76,0022300006,2023-11-03,DEN,125,DAL,114
77,0022300002,2023-11-03,MIL,110,NYK,105
78,0022300139,2023-11-04,DEN,123,CHI,101
79,0022300135,2023-11-04,NOP,105,ATL,123
80,0022300132,2023-11-04,PHI,112,PHX,100
81,0022300138,2023-11-04,MIN,123,UTA,95
82,0022300136,2023-11-04,BKN,114,BOS,124
83,0022300137,2023-11-04,HOU,107,SAC,89
84,0022300133,2023-11-04,IND,124,CHA,125
85,0022300134,2023-11-04,ORL,120,LAL,101
86,0022300141,2023-11-05,SAS,116,TOR,123
87,0022300142,2023-11-05,CLE,115,GSW,104
88,0022300140,2023-11-05,DET,106,PHX,120
89,0022300143,2023-11-05,DAL,124,CHA,118
90,0022300144,2023-11-05,POR,100,MEM,112
91,0022300145,2023-11-06,DET,109,GSW,120
92,0022300149,2023-11-06,BKN,125,MIL,129
93,0022300151,2023-11-06,NYK,111,LAC,97
94,0022300155,2023-11-06,OKC,126,ATL,117
95,0022300152,2023-11-06,CHI,130,UTA,113
96,0022300156,2023-11-06,DEN,134,NOP,116
97,0022300154,2023-11-06,MIN,114,BOS,109
98,0022300153,2023-11-06,HOU,122,SAC,97
99,0022300150,2023-11-06,MIA,108,LAL,107
100,0022300147,2023-11-06,ORL,102,DAL,117
101,0022300146,2023-11-06,IND,152,SAS,111
102,0022300148,2023-11-06,PHI,146,WAS,128
103,0022300165,2023-11-08,MIL,120,DET,118
104,0022300163,2023-11-08,HOU,128,LAL,94
105,0022300167,2023-11-08,OKC,128,CLE,120
106,0022300162,2023-11-08,CHI,115,PHX,116
107,0022300170,2023-11-08,SAC,121,POR,118
108,0022300161,2023-11-08,NYK,126,SAS,105
109,0022300159,2023-11-08,PHI,106,BOS,103
110,0022300158,2023-11-08,IND,134,UTA,118
111,0022300164,2023-11-08,MEM,102,MIA,108
112,0022300157,2023-11-08,CHA,116,WAS,132
113,0022300168,2023-11-08,DAL,116,TOR,127
114,0022300166,2023-11-08,MIN,122,NOP,101
115,0022300169,2023-11-08,DEN,108,GSW,105
116,0022300160,2023-11-08,BKN,100,LAC,93
117,0022300172,2023-11-09,ORL,119,ATL,120
118,0022300171,2023-11-09,IND,126,MIL,124
119,0022300016,2023-11-10,SAC,105,OKC,98
120,0022300010,2023-11-10,BOS,121,BKN,107
121,0022300009,2023-11-10,WAS,117,CHA,124
122,0022300013,2023-11-10,SAS,110,MIN,117
123,0022300011,2023-11-10,HOU,104,NOP,101
124,0022300012,2023-11-10,MEM,121,UTA,127
125,0022300015,2023-11-10,PHX,119,LAL,122
126,0022300014,2023-11-10,DAL,144,LAC,126
127,0022300008,2023-11-10,DET,106,PHI,114
128,0022300174,2023-11-11,BOS,117,TOR,94
129,0022300175,2023-11-11,ATL,109,MIA,117
130,0022300176,2023-11-11,GSW,110,CLE,118
131,0022300173,2023-11-11,ORL,112,MIL,97
132,0022300185,2023-11-12,PHX,99,OKC,111
133,0022300181,2023-11-12,CHI,119,DET,108
134,0022300184,2023-11-12,SAS,113,MIA,118
135,0022300182,2023-11-12,HOU,107,DEN,104
136,0022300183,2023-11-12,NOP,124,DAL,136
137,0022300178,2023-11-12,BKN,102,WAS,94
138,0022300177,2023-11-12,NYK,129,CHA,107
139,0022300186,2023-11-12,GSW,110,MIN,116
140,0022300187,2023-11-12,LAL,116,POR,110
141,0022300179,2023-11-12,LAC,101,MEM,105
142,0022300180,2023-11-12,PHI,137,IND,126
143,0022300191,2023-11-13,SAC,132,CLE,120
144,0022300190,2023-11-13,MIL,118,CHI,109
145,0022300189,2023-11-13,TOR,111,WAS,107
146,0022300188,2023-11-13,BOS,114,NYK,98
147,0022300019,2023-11-14,PHI,126,IND,132
148,0022300026,2023-11-14,LAL,134,MEM,107
149,0022300025,2023-11-14,GSW,101,MIN,104
150,0022300024,2023-11-14,DEN,111,LAC,108
151,0022300023,2023-11-14,UTA,115,POR,99
152,0022300022,2023-11-14,NOP,131,DAL,110
153,0022300018,2023-11-14,DET,120,ATL,126
154,0022300021,2023-11-14,OKC,123,SAS,87
155,0022300020,2023-11-14,BKN,124,ORL,104
156,0022300017,2023-11-14,CHA,105,MIA,111
157,0022300196,2023-11-15,CHI,94,ORL,96
158,0022300198,2023-11-15,LAL,110,SAC,125
159,0022300199,2023-11-15,POR,95,CLE,109
160,0022300192,2023-11-15,WAS,117,DAL,130
161,0022300195,2023-11-15,TOR,112,MIL,128
162,0022300194,2023-11-15,PHI,107,BOS,117
163,0022300193,2023-11-15,ATL,114,NYK,116
164,0022300197,2023-11-15,PHX,133,MIN,115
165,0022300200,2023-11-16,MIA,122,BKN,115
166,0022300201,2023-11-16,GSW,109,OKC,128
167,0022300037,2023-11-17,LAC,106,HOU,100
168,0022300030,2023-11-17,CLE,108,DET,100
169,0022300035,2023-11-17,UTA,128,PHX,131
170,0022300034,2023-11-17,NOP,115,DEN,110
171,0022300036,2023-11-17,POR,95,LAL,107
172,0022300033,2023-11-17,CHI,97,ORL,103
173,0022300032,2023-11-17,SAS,120,SAC,129
174,0022300029,2023-11-17,ATL,116,PHI,126
175,0022300031,2023-11-17,TOR,105,BOS,108
176,0022300028,2023-11-17,WAS,99,NYK,120
177,0022300027,2023-11-17,CHA,99,MIL,130
178,0022300203,2023-11-18,NOP,120,MIN,121
179,0022300204,2023-11-18,CHI,102,MIA,97
180,0022300207,2023-11-18,GSW,123,OKC,130
181,0022300205,2023-11-18,MIL,132,DAL,125
182,0022300206,2023-11-18,SAS,108,MEM,120
183,0022300202,2023-11-18,CHA,108,NYK,122
184,0022300213,2023-11-19,MEM,100,BOS,102
185,0022300209,2023-11-19,IND,116,ORL,128
186,0022300211,2023-11-19,TOR,142,DET,113
187,0022300215,2023-11-19,POR,91,OKC,134
188,0022300216,2023-11-19,LAL,105,HOU,104
189,0022300214,2023-11-19,UTA,137,PHX,140
190,0022300208,2023-11-19,BKN,99,PHI,121
191,0022300210,2023-11-19,CLE,121,DEN,109
192,0022300212,2023-11-19,DAL,113,SAC,129
193,0022300221,2023-11-20,MIN,117,NYK,100
194,0022300218,2023-11-20,DET,103,DEN,107
195,0022300219,2023-11-20,WAS,129,MIL,142
196,0022300217,2023-11-20,CHA,121,BOS,118
197,0022300220,2023-11-20,CHI,100,MIA,118
198,0022300224,2023-11-20,GSW,121,HOU,116
199,0022300222,2023-11-20,NOP,129,SAC,93
200,0022300223,2023-11-20,SAS,99,LAC,124
201,0022300042,2023-11-21,LAL,131,UTA,99
202,0022300041,2023-11-21,PHX,120,POR,107
203,0022300040,2023-11-21,PHI,119,CLE,122
204,0022300039,2023-11-21,ATL,152,IND,157
205,0022300038,2023-11-21,ORL,126,TOR,107
206,0022300236,2023-11-22,PHX,123,GSW,115
207,0022300230,2023-11-22,IND,131,TOR,132
208,0022300238,2023-11-22,LAL,101,DAL,104
209,0022300232,2023-11-22,MIN,112,PHI,99
210,0022300229,2023-11-22,CLE,96,MIA,129
211,0022300226,2023-11-22,ORL,124,DEN,119
212,0022300225,2023-11-22,CHA,117,WAS,114
213,0022300228,2023-11-22,BOS,119,MIL,116
214,0022300237,2023-11-22,POR,121,UTA,105
215,0022300227,2023-11-22,ATL,147,BKN,145
216,0022300234,2023-11-22,OKC,116,CHI,102
217,0022300235,2023-11-22,SAS,102,LAC,109
218,0022300233,2023-11-22,NOP,117,SAC,112
219,0022300231,2023-11-22,HOU,111,MEM,91
220,0022300051,2023-11-24,GSW,118,SAS,112
221,0022300044,2023-11-24,MEM,89,PHX,110
222,0022300048,2023-11-24,HOU,105,DEN,86
223,0022300052,2023-11-24,LAC,106,NOP,116
224,0022300047,2023-11-24,IND,136,DET,113
225,0022300046,2023-11-24,TOR,121,CHI,108
226,0022300050,2023-11-24,MIN,111,SAC,124
227,0022300043,2023-11-24,ORL,113,BOS,96
228,0022300045,2023-11-24,NYK,100,MIA,98
229,0022300049,2023-11-24,MIL,131,WAS,128
230,0022300240,2023-11-25,BKN,112,MIA,97
231,0022300244,2023-11-25,LAC,107,DAL,88
232,0022300243,2023-11-25,UTA,105,NOP,100
233,0022300239,2023-11-25,OKC,123,PHI,127
234,0022300242,2023-11-25,CLE,115,LAL,121
235,0022300241,2023-11-25,WAS,108,ATL,136
236,0022300245,2023-11-26,MIL,108,POR,102
237,0022300247,2023-11-26,NYK,113,PHX,116
238,0022300248,2023-11-26,ORL,130,CHA,117
239,0022300246,2023-11-26,BOS,113,ATL,103
240,0022300251,2023-11-26,CLE,105,TOR,102
241,0022300252,2023-11-26,DEN,132,SAS,120
242,0022300249,2023-11-26,MEM,97,MIN,119
243,0022300250,2023-11-26,BKN,118,CHI,109
244,0022300254,2023-11-27,IND,110,POR,114
245,0022300257,2023-11-27,LAC,104,DEN,113
246,0022300253,2023-11-27,DET,107,WAS,126
247,0022300255,2023-11-27,PHI,138,LAL,94
248,0022300256,2023-11-27,UTA,114,NOP,112
249,0022300060,2023-11-28,SAC,124,GSW,123
250,0022300057,2023-11-28,NYK,115,CHA,91
251,0022300054,2023-11-28,BKN,115,TOR,103
252,0022300059,2023-11-28,DAL,121,HOU,115
253,0022300058,2023-11-28,MIN,106,OKC,103
254,0022300056,2023-11-28,MIA,124,MIL,131
255,0022300055,2023-11-28,CLE,128,ATL,105
256,0022300053,2023-11-28,BOS,124,CHI,97
257,0022300259,2023-11-29,ORL,139,WAS,120
258,0022300263,2023-11-29,DEN,134,HOU,124
259,0022300260,2023-11-29,TOR,112,PHX,105
260,0022300258,2023-11-29,DET,107,LAL,133
261,0022300262,2023-11-29,NOP,124,PHI,114
262,0022300264,2023-11-29,SAC,117,LAC,131
263,0022300261,2023-11-29,MEM,105,UTA,91
264,0022300265,2023-11-30,CLE,95,POR,103
265,0022300271,2023-11-30,OKC,133,LAL,110
266,0022300268,2023-11-30,NYK,118,DET,112
267,0022300269,2023-11-30,CHI,120,MIL,113
268,0022300272,2023-11-30,SAS,135,ATL,137
269,0022300273,2023-11-30,GSW,120,LAC,114
270,0022300267,2023-11-30,MIA,142,IND,132
271,0022300270,2023-11-30,MIN,101,UTA,90
272,0022300266,2023-11-30,BKN,128,CHA,129
273,0022300279,2023-12-01,PHX,111,DEN,119
274,0022300274,2023-12-01,ORL,130,WAS,125
275,0022300275,2023-12-01,BOS,125,PHI,119
276,0022300277,2023-12-01,DAL,94,MEM,108
277,0022300276,2023-12-01,TOR,106,NYK,119
278,0022300278,2023-12-01,NOP,121,SAS,106
279,0022300284,2023-12-02,MIA,129,IND,144
280,0022300282,2023-12-02,BKN,129,ORL,101
281,0022300291,2023-12-02,LAL,107,HOU,97
282,0022300285,2023-12-02,CHI,124,NOP,118
283,0022300290,2023-12-02,SAC,123,DEN,117
284,0022300289,2023-12-02,UTA,118,POR,113
285,0022300288,2023-12-02,PHX,116,MEM,109
286,0022300286,2023-12-02,MIL,132,ATL,121
287,0022300281,2023-12-02,CHA,117,MIN,123
288,0022300280,2023-12-02,LAC,113,GSW,112
289,0022300287,2023-12-02,DAL,120,OKC,126
290,0022300283,2023-12-02,DET,101,CLE,110
291,0022301204,2023-12-04,SAC,117,NOP,127
292,0022301202,2023-12-04,IND,122,BOS,112
293,0022301203,2023-12-05,LAL,106,PHX,103
294,0022301201,2023-12-05,MIL,146,NYK,122
295,0022301210,2023-12-06,MIN,102,SAS,94
296,0022301215,2023-12-06,LAC,111,DEN,102
297,0022301214,2023-12-06,GSW,110,POR,106
298,0022301212,2023-12-06,HOU,110,OKC,101
299,0022301209,2023-12-06,ATL,113,BKN,114
300,0022301211,2023-12-06,CHI,111,CHA,100
301,0022301213,2023-12-06,DAL,147,UTA,97
302,0022301207,2023-12-06,TOR,103,MIA,112
303,0022301205,2023-12-06,CLE,121,ORL,111
304,0022301208,2023-12-06,WAS,126,PHI,131
305,0022301206,2023-12-06,DET,102,MEM,116
306,0022301229,2023-12-07,MIL,119,IND,128
307,0022301230,2023-12-07,LAL,133,NOP,89
308,0022301225,2023-12-08,UTA,103,LAC,117
309,0022301216,2023-12-08,CHA,119,TOR,116
310,0022301219,2023-12-08,BKN,124,WAS,97
311,0022301223,2023-12-08,SAS,112,CHI,121
312,0022301226,2023-12-08,POR,112,DAL,125
313,0022301224,2023-12-08,DEN,106,HOU,114
314,0022301228,2023-12-08,PHX,106,SAC,114
315,0022301217,2023-12-08,ORL,123,DET,91
316,0022301218,2023-12-08,PHI,125,ATL,114
317,0022301227,2023-12-08,BOS,133,NYK,123
318,0022301220,2023-12-08,MIA,99,CLE,111
319,0022301221,2023-12-08,MEM,103,MIN,127
320,0022301222,2023-12-08,OKC,138,GSW,136
321,0022300303,2023-12-11,SAC,131,BKN,118
322,0022300304,2023-12-11,LAC,132,POR,127
323,0022300296,2023-12-11,ATL,122,DEN,129
324,0022300300,2023-12-11,MIL,133,CHI,129
325,0022300301,2023-12-11,NOP,121,MIN,107
326,0022300293,2023-12-11,DET,123,IND,131
327,0022300302,2023-12-11,OKC,134,UTA,120
328,0022300299,2023-12-11,MEM,113,DAL,120
329,0022300298,2023-12-11,HOU,93,SAS,82
330,0022300297,2023-12-11,NYK,136,TOR,130
331,0022300294,2023-12-11,ORL,104,CLE,94
332,0022300292,2023-12-11,CHA,114,MIA,116
333,0022300295,2023-12-11,PHI,146,WAS,101
334,0022300308,2023-12-12,PHX,119,GSW,116
335,0022300306,2023-12-12,DAL,127,LAL,125
336,0022300305,2023-12-12,BOS,120,CLE,113
337,0022300309,2023-12-12,LAC,119,SAC,99
338,0022300307,2023-12-12,CHI,106,DEN,114
339,0022300314,2023-12-13,HOU,117,MEM,104
340,0022300313,2023-12-13,TOR,135,ATL,128
341,0022300312,2023-12-13,MIA,115,CHA,104
342,0022300315,2023-12-13,MIL,140,IND,126
343,0022300318,2023-12-13,UTA,117,NYK,113
344,0022300310,2023-12-13,DET,111,PHI,129
345,0022300317,2023-12-13,PHX,112,BKN,116
346,0022300311,2023-12-13,WAS,122,NOP,142
347,0022300316,2023-12-13,SAS,119,LAL,122
348,0022300325,2023-12-14,LAC,121,GSW,113
349,0022300324,2023-12-14,SAC,128,OKC,123
350,0022300322,2023-12-14,DEN,124,BKN,101
351,0022300320,2023-12-14,MIA,116,CHI,124
352,0022300323,2023-12-14,POR,114,UTA,122
353,0022300321,2023-12-14,DAL,101,MIN,119
354,0022300319,2023-12-14,BOS,116,CLE,107
355,0022300333,2023-12-15,PHX,122,NYK,139
356,0022300326,2023-12-15,CHA,107,NOP,112
357,0022300329,2023-12-15,BOS,128,ORL,111
358,0022300332,2023-12-15,MEM,96,HOU,103
359,0022300331,2023-12-15,SAS,129,LAL,115
360,0022300330,2023-12-15,TOR,104,ATL,125
361,0022300328,2023-12-15,WAS,137,IND,123
362,0022300327,2023-12-15,PHI,124,DET,92
363,0022300339,2023-12-16,GSW,124,BKN,120
364,0022300337,2023-12-16,MIA,118,CHI,116
365,0022300336,2023-12-16,CLE,127,ATL,119
366,0022300335,2023-12-16,CHA,82,PHI,135
367,0022300342,2023-12-16,SAC,125,UTA,104
368,0022300334,2023-12-16,MIL,146,DET,114
369,0022300340,2023-12-16,DEN,117,OKC,118
370,0022300338,2023-12-16,MIN,127,IND,109
371,0022300343,2023-12-16,LAC,144,NYK,122
372,0022300341,2023-12-16,POR,120,DAL,131
373,0022300345,2023-12-17,SAS,110,NOP,146
374,0022300348,2023-12-17,POR,114,GSW,118
375,0022300347,2023-12-17,PHX,112,WAS,108
376,0022300346,2023-12-17,MIL,128,HOU,119
377,0022300344,2023-12-17,BOS,114,ORL,97
378,0022300355,2023-12-18,OKC,116,MEM,97
379,0022300357,2023-12-18,UTA,125,BKN,108
380,0022300353,2023-12-18,MIA,108,MIN,112
381,0022300351,2023-12-18,PHI,104,CHI,108
382,0022300350,2023-12-18,IND,127,LAC,151
383,0022300354,2023-12-18,TOR,114,CHA,99
384,0022300352,2023-12-18,ATL,130,DET,124
385,0022300349,2023-12-18,CLE,135,HOU,130
386,0022300359,2023-12-18,LAL,109,NYK,114
387,0022300356,2023-12-18,DEN,130,DAL,104
388,0022300358,2023-12-18,SAC,143,WAS,131
389,0022300361,2023-12-19,MIL,132,SAS,119
390,0022300362,2023-12-19,GSW,132,BOS,126
391,0022300360,2023-12-19,NOP,113,MEM,115
392,0022300363,2023-12-19,POR,109,PHX,104
393,0022300367,2023-12-20,PHI,127,MIN,113
394,0022300365,2023-12-20,IND,144,CHA,113
395,0022300370,2023-12-20,CHI,124,LAL,108
396,0022300373,2023-12-20,SAC,119,BOS,144
397,0022300369,2023-12-20,TOR,104,DEN,113
398,0022300372,2023-12-20,DAL,111,LAC,120
399,0022300371,2023-12-20,HOU,127,ATL,134
400,0022300368,2023-12-20,BKN,102,NYK,121
401,0022300366,2023-12-20,ORL,106,MIA,115
402,0022300364,2023-12-20,CLE,124,UTA,116
403,0022300381,2023-12-21,POR,117,WAS,118
404,0022300380,2023-12-21,MIN,118,LAL,111
405,0022300375,2023-12-21,CLE,104,NOP,123
406,0022300376,2023-12-21,CHI,114,SAS,95
407,0022300374,2023-12-21,DET,111,UTA,119
408,0022300378,2023-12-21,MIL,118,ORL,114
409,0022300377,2023-12-21,MEM,116,IND,103
410,0022300379,2023-12-21,OKC,134,LAC,115
411,0022300382,2023-12-22,PHI,121,TOR,111
412,0022300386,2023-12-22,GSW,129,WAS,118
413,0022300385,2023-12-22,HOU,122,DAL,96
414,0022300384,2023-12-22,MIA,122,ATL,113
415,0022300383,2023-12-22,BKN,117,DEN,122
416,0022300387,2023-12-22,SAC,120,PHX,105
417,0022300392,2023-12-23,NOP,104,HOU,106
418,0022300399,2023-12-23,GSW,126,POR,106
419,0022300396,2023-12-23,CHI,95,CLE,109
420,0022300389,2023-12-23,LAC,108,BOS,145
421,0022300388,2023-12-23,NYK,111,MIL,130
422,0022300395,2023-12-23,TOR,119,UTA,126
423,0022300394,2023-12-23,BKN,126,DET,115
424,0022300398,2023-12-23,DAL,144,SAS,119
425,0022300397,2023-12-23,OKC,120,LAL,129
426,0022300390,2023-12-23,CHA,95,DEN,102
427,0022300391,2023-12-23,IND,110,ORL,117
428,0022300400,2023-12-23,SAC,98,MIN,110
429,0022300393,2023-12-23,ATL,119,MEM,125
430,0022300403,2023-12-25,LAL,115,BOS,126
431,0022300405,2023-12-25,PHX,114,DAL,128
432,0022300404,2023-12-25,MIA,119,PHI,113
433,0022300402,2023-12-25,DEN,120,GSW,114
434,0022300401,2023-12-25,NYK,129,MIL,122
435,0022300407,2023-12-26,WAS,119,ORL,127
436,0022300411,2023-12-26,OKC,129,MIN,106
437,0022300410,2023-12-26,NOP,115,MEM,116
438,0022300412,2023-12-26,SAS,118,UTA,130
439,0022300406,2023-12-26,DET,112,BKN,118
440,0022300409,2023-12-26,HOU,117,IND,123
441,0022300408,2023-12-26,CHI,118,ATL,113
442,0022300414,2023-12-26,LAC,113,CHA,104
443,0022300413,2023-12-26,POR,130,SAC,113
444,0022300419,2023-12-27,OKC,129,NYK,120
445,0022300417,2023-12-27,BKN,122,MIL,144
446,0022300418,2023-12-27,HOU,113,PHX,129
447,0022300420,2023-12-27,DAL,110,CLE,113
448,0022300415,2023-12-27,ORL,92,PHI,112
449,0022300416,2023-12-27,WAS,102,TOR,132
450,0022300428,2023-12-28,LAL,133,CHA,112
451,0022300424,2023-12-28,NOP,112,UTA,105
452,0022300425,2023-12-28,DEN,142,MEM,105
453,0022300426,2023-12-28,GSW,102,MIA,114
454,0022300427,2023-12-28,POR,105,SAS,118
455,0022300423,2023-12-28,MIN,118,DAL,110
456,0022300422,2023-12-28,CHI,104,IND,120
457,0022300421,2023-12-28,BOS,128,DET,122
458,0022300437,2023-12-29,POR,134,SAS,128
459,0022300438,2023-12-29,LAC,117,MEM,106
460,0022300430,2023-12-29,WAS,110,BKN,104
461,0022300429,2023-12-29,ORL,117,NYK,108
462,0022300431,2023-12-29,ATL,110,SAC,117
463,0022300436,2023-12-29,PHX,133,CHA,119
464,0022300435,2023-12-29,DEN,93,OKC,119
465,0022300432,2023-12-29,BOS,120,TOR,118
466,0022300433,2023-12-29,CLE,111,MIL,119
467,0022300434,2023-12-29,HOU,127,PHI,131
468,0022300440,2023-12-30,DET,129,TOR,127
469,0022300444,2023-12-30,GSW,122,DAL,132
470,0022300441,2023-12-30,IND,140,NYK,126
471,0022300439,2023-12-30,UTA,117,MIA,109
472,0022300443,2023-12-30,MIN,108,LAL,106
473,0022300442,2023-12-30,CHI,105,PHI,92
474,0022300447,2023-12-31,OKC,124,BKN,108
475,0022300448,2023-12-31,SAS,101,BOS,134
476,0022300450,2023-12-31,PHX,112,ORL,107
477,0022300445,2023-12-31,WAS,126,ATL,130
478,0022300446,2023-12-31,NOP,129,LAL,109
479,0022300449,2023-12-31,MEM,92,SAC,123
480,0022300451,2024-01-01,NYK,112,MIN,106
481,0022300456,2024-01-01,PHX,109,POR,88
482,0022300452,2024-01-01,TOR,124,CLE,121
483,0022300453,2024-01-01,HOU,136,DET,113
484,0022300457,2024-01-01,UTA,127,DAL,90
485,0022300458,2024-01-01,LAC,121,MIA,104
486,0022300455,2024-01-01,DEN,111,CHA,93
487,0022300454,2024-01-01,MIL,113,IND,122
488,0022300464,2024-01-02,SAC,104,CHA,111
489,0022300463,2024-01-02,GSW,121,ORL,115
490,0022300462,2024-01-02,OKC,127,BOS,123
491,0022300459,2024-01-02,PHI,110,CHI,97
492,0022300460,2024-01-02,MEM,106,SAS,98
493,0022300461,2024-01-02,NOP,112,BKN,85
494,0022300473,2024-01-03,PHX,122,LAC,131
495,0022300476,2024-01-03,SAC,138,ORL,135
496,0022300474,2024-01-03,UTA,154,DET,148
497,0022300472,2024-01-03,DAL,126,POR,97
498,0022300475,2024-01-03,LAL,96,MIA,110
499,0022300471,2024-01-03,MIN,106,NOP,117
500,0022300469,2024-01-03,HOU,112,BKN,101
501,0022300468,2024-01-03,NYK,116,CHI,100
502,0022300470,2024-01-03,MEM,111,TOR,116
503,0022300467,2024-01-03,ATL,141,OKC,138
504,0022300466,2024-01-03,IND,142,MIL,130
505,0022300465,2024-01-03,CLE,140,WAS,101
506,0022300477,2024-01-04,SAS,121,MIL,125
507,0022300478,2024-01-04,GSW,127,DEN,130
508,0022300489,2024-01-05,PHX,113,MIA,97
509,0022300488,2024-01-05,DEN,120,ORL,122
510,0022300487,2024-01-05,DAL,139,POR,103
511,0022300491,2024-01-05,LAL,113,MEM,127
512,0022300492,2024-01-05,SAC,135,TOR,130
513,0022300490,2024-01-05,GSW,113,DET,109
514,0022300486,2024-01-05,NOP,95,LAC,111
515,0022300484,2024-01-05,CHI,104,CHA,91
516,0022300483,2024-01-05,PHI,92,NYK,128
517,0022300481,2024-01-05,BKN,124,OKC,115
518,0022300482,2024-01-05,CLE,114,WAS,90
519,0022300480,2024-01-05,IND,150,ATL,116
520,0022300479,2024-01-05,BOS,126,UTA,97
521,0022300485,2024-01-05,HOU,95,MIN,122
522,0022300493,2024-01-06,IND,101,BOS,118
523,0022300496,2024-01-06,HOU,112,MIL,108
524,0022300494,2024-01-06,WAS,105,NYK,121
525,0022300495,2024-01-06,PHI,109,UTA,120
526,0022300504,2024-01-07,GSW,118,TOR,133
527,0022300505,2024-01-07,LAL,106,LAC,103
528,0022300502,2024-01-07,DEN,131,DET,114
529,0022300501,2024-01-07,DAL,115,MIN,108
530,0022300503,2024-01-07,PHX,115,MEM,121
531,0022300497,2024-01-07,CLE,117,SAS,115
532,0022300500,2024-01-07,SAC,100,NOP,133
533,0022300498,2024-01-07,BKN,127,POR,134
534,0022300499,2024-01-07,ORL,117,ATL,110
535,0022300509,2024-01-08,MIA,120,HOU,113
536,0022300511,2024-01-08,LAC,138,PHX,111
537,0022300510,2024-01-08,MIL,116,UTA,132
538,0022300507,2024-01-08,IND,133,BOS,131
539,0022300508,2024-01-08,WAS,128,OKC,136
540,0022300506,2024-01-08,CHA,112,CHI,119
541,0022300512,2024-01-09,DET,110,SAC,131
542,0022300514,2024-01-09,NYK,112,POR,84
543,0022300513,2024-01-09,ORL,92,MIN,113
544,0022300515,2024-01-09,DAL,103,MEM,120
545,0022300516,2024-01-09,LAL,132,TOR,131
546,0022300520,2024-01-10,IND,112,WAS,104
547,0022300526,2024-01-10,LAC,126,TOR,120
548,0022300524,2024-01-10,UTA,124,DEN,111
549,0022300521,2024-01-10,ATL,139,PHI,132
550,0022300518,2024-01-10,CHA,98,SAC,123
551,0022300519,2024-01-10,DET,108,SAS,130
552,0022300517,2024-01-10,BOS,127,MIN,120
553,0022300523,2024-01-10,CHI,124,HOU,119
554,0022300522,2024-01-10,MIA,120,OKC,128
555,0022300525,2024-01-10,GSW,105,NOP,141
556,0022300527,2024-01-11,CLE,111,BKN,102
557,0022300528,2024-01-11,MIL,135,BOS,102
558,0022300529,2024-01-11,OKC,139,POR,77
559,0022300530,2024-01-11,DAL,128,NYK,124
560,0022300531,2024-01-11,LAL,109,PHX,127
561,0022300534,2024-01-12,DET,110,HOU,112
562,0022300537,2024-01-12,MEM,119,LAC,128
563,0022300538,2024-01-12,MIN,116,POR,93
564,0022300535,2024-01-12,MIA,99,ORL,96
565,0022300540,2024-01-12,UTA,145,TOR,113
566,0022300532,2024-01-12,PHI,112,SAC,93
567,0022300541,2024-01-12,SAS,135,CHA,99
568,0022300533,2024-01-12,ATL,108,IND,126
569,0022300536,2024-01-12,CHI,131,GSW,140
570,0022300539,2024-01-12,DEN,125,NOP,113
571,0022300542,2024-01-13,BOS,145,HOU,113
572,0022300544,2024-01-13,MEM,94,NYK,106
573,0022300549,2024-01-13,UTA,132,LAL,125
574,0022300548,2024-01-13,SAS,116,CHI,122
575,0022300547,2024-01-13,DAL,108,NOP,118
576,0022300545,2024-01-13,MIL,129,GSW,118
577,0022300546,2024-01-13,OKC,112,ORL,100
578,0022300543,2024-01-13,ATL,99,WAS,127
579,0022300553,2024-01-14,MIN,109,LAC,105
580,0022300552,2024-01-14,MIL,143,SAC,142
581,0022300554,2024-01-14,POR,116,PHX,127
582,0022300551,2024-01-14,MIA,104,CHA,87
583,0022300550,2024-01-14,DEN,117,IND,109
584,0022300557,2024-01-15,NYK,94,ORL,98
585,0022300559,2024-01-15,ATL,109,SAS,99
586,0022300555,2024-01-15,PHI,124,HOU,115
587,0022300556,2024-01-15,DAL,125,NOP,120
588,0022300558,2024-01-15,WAS,117,DET,129
589,0022300560,2024-01-15,MEM,116,GSW,107
590,0022300561,2024-01-15,CLE,109,CHI,91
591,0022300563,2024-01-15,TOR,96,BOS,105
592,0022300562,2024-01-15,BKN,95,MIA,96
593,0022300564,2024-01-15,UTA,132,IND,105
594,0022300565,2024-01-15,LAL,112,OKC,105
595,0022300566,2024-01-16,PHI,126,DEN,121
596,0022300567,2024-01-16,PHX,119,SAC,117
597,0022300568,2024-01-16,LAC,128,OKC,117
598,0022300573,2024-01-17,NYK,109,HOU,94
599,0022300569,2024-01-17,DET,117,MIN,124
600,0022300570,2024-01-17,ATL,106,ORL,104
601,0022300572,2024-01-17,CLE,135,MIL,95
602,0022300574,2024-01-17,TOR,121,MIA,97
603,0022300575,2024-01-17,NOP,132,CHA,112
604,0022300571,2024-01-17,BOS,117,SAS,98
605,0022300577,2024-01-17,LAL,127,DAL,110
606,0022300578,2024-01-17,POR,105,BKN,103
607,0022300581,2024-01-18,UTA,129,OKC,134
608,0022300583,2024-01-18,SAC,121,IND,126
609,0022300582,2024-01-18,MIN,118,MEM,103
610,0022300579,2024-01-18,NYK,113,WAS,109
611,0022300580,2024-01-18,TOR,110,CHI,116
612,0022300591,2024-01-19,LAL,112,BKN,130
613,0022300590,2024-01-19,POR,118,IND,115
614,0022300588,2024-01-19,NOP,109,PHX,123
615,0022300585,2024-01-19,ORL,109,PHI,124
616,0022300587,2024-01-19,MIA,108,ATL,109
617,0022300586,2024-01-19,BOS,100,DEN,102
618,0022300584,2024-01-19,CHA,124,SAS,120
619,0022300594,2024-01-20,WAS,127,SAS,131
620,0022300596,2024-01-20,NYK,126,TOR,100
621,0022300598,2024-01-20,HOU,127,UTA,126
622,0022300599,2024-01-20,MIN,97,OKC,102
623,0022300597,2024-01-20,CHI,125,MEM,96
624,0022300593,2024-01-20,CHA,89,PHI,97
625,0022300592,2024-01-20,DET,135,MIL,141
626,0022300595,2024-01-20,ATL,95,CLE,116
627,0022300605,2024-01-21,LAL,134,POR,110
628,0022300602,2024-01-21,WAS,104,DEN,113
629,0022300600,2024-01-21,LAC,125,BKN,114
630,0022300601,2024-01-21,ORL,105,MIA,87
631,0022300603,2024-01-21,HOU,107,BOS,116
632,0022300604,2024-01-21,PHX,117,IND,110
633,0022300610,2024-01-22,MIN,125,CHA,128
634,0022300613,2024-01-22,SAC,122,ATL,107
635,0022300608,2024-01-22,PHI,133,SAS,123
636,0022300609,2024-01-22,TOR,100,MEM,108
637,0022300612,2024-01-22,PHX,115,CHI,113
638,0022300611,2024-01-22,DAL,110,BOS,119
639,0022300606,2024-01-22,DET,113,MIL,122
640,0022300607,2024-01-22,ORL,99,CLE,126
641,0022300615,2024-01-23,BKN,103,NYK,108
642,0022300617,2024-01-23,OKC,111,POR,109
643,0022300614,2024-01-23,IND,109,DEN,114
644,0022300616,2024-01-23,NOP,153,UTA,124
645,0022300618,2024-01-23,LAC,127,LAL,116
646,0022300626,2024-01-24,GSW,134,ATL,112
647,0022300622,2024-01-24,SAS,114,OKC,140
648,0022300625,2024-01-24,DAL,109,PHX,132
649,0022300624,2024-01-24,MIL,126,CLE,116
650,0022300619,2024-01-24,DET,113,CHA,106
651,0022300621,2024-01-24,MIA,96,MEM,105
652,0022300623,2024-01-24,HOU,131,POR,137
653,0022300620,2024-01-24,WAS,107,MIN,118
654,0022300628,2024-01-25,WAS,108,UTA,123
655,0022300627,2024-01-25,IND,134,PHI,122
656,0022300631,2024-01-25,NYK,122,DEN,84
657,0022300630,2024-01-25,MIA,110,BOS,143
658,0022300629,2024-01-25,BKN,94,MIN,96
659,0022300632,2024-01-25,GSW,133,SAC,134
660,0022300633,2024-01-25,LAL,141,CHI,132
661,0022300640,2024-01-26,NOP,83,OKC,107
662,0022300635,2024-01-26,CHA,104,HOU,138
663,0022300637,2024-01-26,TOR,107,LAC,127
664,0022300639,2024-01-26,MIL,100,CLE,112
665,0022300634,2024-01-26,ATL,143,DAL,148
666,0022300638,2024-01-26,MEM,107,ORL,106
667,0022300636,2024-01-26,IND,133,PHX,131
668,0022300641,2024-01-26,SAS,116,POR,100
669,0022300644,2024-01-27,DEN,111,PHI,105
670,0022300642,2024-01-27,DET,104,WAS,118
671,0022300647,2024-01-27,CHA,122,UTA,134
672,0022300646,2024-01-27,BOS,96,LAC,115
673,0022300648,2024-01-27,MIL,141,NOP,117
674,0022300649,2024-01-27,SAS,113,MIN,112
675,0022300643,2024-01-27,NYK,125,MIA,109
676,0022300650,2024-01-27,GSW,144,LAL,145
677,0022300651,2024-01-27,DAL,115,SAC,120
678,0022300645,2024-01-27,BKN,106,HOU,104
679,0022300652,2024-01-28,IND,116,MEM,110
680,0022300656,2024-01-28,POR,96,CHI,104
681,0022300655,2024-01-28,ORL,113,PHX,98
682,0022300653,2024-01-28,ATL,126,TOR,125
683,0022300654,2024-01-28,DET,120,OKC,104
684,0022300659,2024-01-29,BOS,118,NOP,112
685,0022300667,2024-01-29,DEN,113,MIL,107
686,0022300668,2024-01-29,POR,130,PHI,104
687,0022300657,2024-01-29,CHA,92,NYK,113
688,0022300658,2024-01-29,CLE,118,LAC,108
689,0022300661,2024-01-29,MIA,105,PHX,118
690,0022300663,2024-01-29,MEM,94,SAC,103
691,0022300664,2024-01-29,OKC,101,MIN,107
692,0022300665,2024-01-29,SAS,113,WAS,118
693,0022300660,2024-01-29,BKN,147,UTA,114
694,0022300666,2024-01-29,DAL,131,ORL,129
695,0022300662,2024-01-29,HOU,135,LAL,119
696,0022300673,2024-01-30,GSW,119,PHI,107
697,0022300672,2024-01-30,CHI,107,TOR,118
698,0022300669,2024-01-30,ATL,138,LAL,122
699,0022300670,2024-01-30,BOS,129,IND,124
700,0022300671,2024-01-30,NYK,118,UTA,103
701,0022300682,2024-01-31,OKC,105,DEN,100
702,0022300678,2024-01-31,MIA,115,SAC,106
703,0022300683,2024-01-31,POR,119,MIL,116
704,0022300676,2024-01-31,WAS,109,LAC,125
705,0022300675,2024-01-31,CLE,128,DET,121
706,0022300674,2024-01-31,CHA,110,CHI,117
707,0022300680,2024-01-31,MIN,121,DAL,87
708,0022300679,2024-01-31,HOU,99,NOP,110
709,0022300677,2024-01-31,BKN,120,PHX,136
710,0022300681,2024-01-31,SAS,98,ORL,108
711,0022300685,2024-02-01,NYK,109,IND,105
712,0022300687,2024-02-01,MEM,101,CLE,108
713,0022300684,2024-02-01,BOS,105,LAL,114
714,0022300686,2024-02-01,UTA,124,PHI,127
715,0022300693,2024-02-02,MEM,101,GSW,121
716,0022300690,2024-02-02,ATL,129,PHX,120
717,0022300689,2024-02-02,WAS,102,MIA,110
718,0022300697,2024-02-02,DEN,120,POR,108
719,0022300696,2024-02-02,SAS,113,NOP,114
720,0022300692,2024-02-02,HOU,135,TOR,106
721,0022300688,2024-02-02,DET,125,LAC,136
722,0022300694,2024-02-02,MIN,106,ORL,108
723,0022300691,2024-02-02,IND,122,SAC,133
724,0022300695,2024-02-02,OKC,126,CHA,106
725,0022300701,2024-02-03,NYK,105,LAL,113
726,0022300698,2024-02-03,PHI,121,BKN,136
727,0022300700,2024-02-03,CHI,115,SAC,123
728,0022300703,2024-02-03,SAS,101,CLE,117
729,0022300702,2024-02-03,DAL,117,MIL,129
730,0022300699,2024-02-03,ATL,141,GSW,134
731,0022300711,2024-02-04,UTA,123,MIL,108
732,0022300712,2024-02-04,DEN,112,POR,103
733,0022300705,2024-02-04,WAS,112,PHX,140
734,0022300706,2024-02-04,BOS,131,MEM,91
735,0022300704,2024-02-04,DET,99,ORL,111
736,0022300709,2024-02-04,MIN,111,HOU,90
737,0022300708,2024-02-04,MIA,95,LAC,103
738,0022300707,2024-02-04,CHA,99,IND,115
739,0022300710,2024-02-04,OKC,135,TOR,127
740,0022300713,2024-02-05,CHA,118,LAL,124
741,0022300716,2024-02-05,ATL,144,LAC,149
742,0022300717,2024-02-05,BKN,98,GSW,109
743,0022300718,2024-02-05,NOP,138,TOR,100
744,0022300714,2024-02-05,CLE,136,SAC,110
745,0022300715,2024-02-05,PHI,102,DAL,118
746,0022300720,2024-02-06,BKN,107,DAL,119
747,0022300723,2024-02-06,CHI,129,MIN,123
748,0022300725,2024-02-06,PHX,114,MIL,106
749,0022300724,2024-02-06,UTA,124,OKC,117
750,0022300722,2024-02-06,NYK,123,MEM,113
751,0022300721,2024-02-06,MIA,121,ORL,95
752,0022300719,2024-02-06,IND,132,HOU,129
753,0022300732,2024-02-07,SAC,120,DET,133
754,0022300731,2024-02-07,LAC,106,NOP,117
755,0022300728,2024-02-07,WAS,106,CLE,114
756,0022300727,2024-02-07,PHI,104,GSW,127
757,0022300730,2024-02-07,MIA,116,SAS,104
758,0022300729,2024-02-07,BOS,125,ATL,117
759,0022300726,2024-02-07,CHA,117,TOR,123
760,0022300733,2024-02-08,IND,109,GSW,131
761,0022300735,2024-02-08,BKN,95,CLE,118
762,0022300736,2024-02-08,NYK,108,DAL,122
763,0022300739,2024-02-08,PHX,129,UTA,115
764,0022300737,2024-02-08,MEM,110,CHI,118
765,0022300734,2024-02-08,ORL,127,SAS,111
766,0022300740,2024-02-08,LAL,106,DEN,114
767,0022300741,2024-02-08,POR,122,DET,128
768,0022300738,2024-02-08,MIL,105,MIN,129
769,0022300747,2024-02-09,LAL,139,NOP,122
770,0022300746,2024-02-09,SAC,135,DEN,106
771,0022300745,2024-02-09,MIL,120,CHA,84
772,0022300744,2024-02-09,TOR,107,HOU,104
773,0022300743,2024-02-09,BOS,133,WAS,129
774,0022300742,2024-02-09,PHI,121,ATL,127
775,0022300748,2024-02-10,DAL,146,OKC,111
776,0022300749,2024-02-10,LAC,112,DET,106
777,0022300752,2024-02-10,ORL,114,CHI,108
778,0022300756,2024-02-10,TOR,95,CLE,119
779,0022300754,2024-02-10,ATL,122,HOU,113
780,0022300751,2024-02-10,CHA,115,MEM,106
781,0022300753,2024-02-10,WAS,113,PHI,119
782,0022300755,2024-02-10,NYK,111,IND,125
783,0022300757,2024-02-10,GSW,113,PHX,112
784,0022300758,2024-02-10,POR,84,NOP,93
785,0022300750,2024-02-10,BKN,123,SAS,103
786,0022300760,2024-02-11,OKC,127,SAC,113
787,0022300759,2024-02-11,MIA,106,BOS,110
788,0022300763,2024-02-12,ATL,126,CHI,136
789,0022300769,2024-02-12,UTA,107,GSW,129
790,0022300768,2024-02-12,DAL,112,WAS,104
791,0022300765,2024-02-12,HOU,105,NYK,103
792,0022300766,2024-02-12,MEM,87,NOP,96
793,0022300770,2024-02-12,LAC,100,MIN,121
794,0022300761,2024-02-12,CHA,111,IND,102
795,0022300762,2024-02-12,CLE,121,PHI,123
796,0022300764,2024-02-12,TOR,99,SAS,122
797,0022300767,2024-02-12,MIL,112,DEN,95
798,0022300776,2024-02-13,LAL,125,DET,111
799,0022300774,2024-02-13,PHX,130,SAC,125
800,0022300775,2024-02-13,POR,109,MIN,121
801,0022300773,2024-02-13,MIL,97,MIA,123
802,0022300772,2024-02-13,ORL,113,OKC,127
803,0022300771,2024-02-13,BKN,110,BOS,118
804,0022300788,2024-02-14,UTA,122,LAL,138
805,0022300785,2024-02-14,DAL,116,SAS,93
806,0022300789,2024-02-14,GSW,125,LAC,130
807,0022300786,2024-02-14,DEN,98,SAC,102
808,0022300787,2024-02-14,PHX,116,DET,100
809,0022300778,2024-02-14,ORL,118,NYK,100
810,0022300780,2024-02-14,BOS,136,BKN,86
811,0022300783,2024-02-14,MEM,121,HOU,113
812,0022300782,2024-02-14,TOR,125,IND,127
813,0022300781,2024-02-14,CLE,108,CHI,105
814,0022300779,2024-02-14,PHI,104,MIA,109
815,0022300777,2024-02-14,CHA,122,ATL,99
816,0022300784,2024-02-14,NOP,133,WAS,126
817,0022300791,2024-02-15,POR,91,MIN,128
818,0022300790,2024-02-15,MEM,113,MIL,110
819,0022300576,2024-02-15,UTA,137,GSW,140
820,0022300800,2024-02-22,DEN,130,WAS,110
821,0022300799,2024-02-22,OKC,129,LAC,107
822,0022300798,2024-02-22,NOP,127,HOU,105
823,0022300802,2024-02-22,GSW,128,LAL,110
824,0022300801,2024-02-22,UTA,107,CHA,115
825,0022300803,2024-02-22,SAC,127,SAS,122
826,0022300793,2024-02-22,IND,129,DET,115
827,0022300794,2024-02-22,PHI,96,NYK,110
828,0022300792,2024-02-22,CLE,109,ORL,116
829,0022300796,2024-02-22,DAL,123,PHX,113
830,0022300797,2024-02-22,CHI,112,BOS,129
831,0022300795,2024-02-22,TOR,121,BKN,93
832,0022300804,2024-02-23,ATL,121,TOR,123
833,0022300807,2024-02-23,MEM,95,LAC,101
834,0022300806,2024-02-23,HOU,114,PHX,110
835,0022300811,2024-02-23,GSW,97,CHA,84
836,0022300812,2024-02-23,POR,112,DEN,127
837,0022300808,2024-02-23,MIN,107,MIL,112
838,0022300813,2024-02-23,LAL,123,SAS,118
839,0022300810,2024-02-23,NOP,95,MIA,106
840,0022300809,2024-02-23,OKC,147,WAS,106
841,0022300805,2024-02-23,PHI,104,CLE,97
842,0022300816,2024-02-24,NYK,102,BOS,116
843,0022300814,2024-02-24,DET,109,ORL,112
844,0022300815,2024-02-24,MIN,101,BKN,86
845,0022300819,2024-02-25,IND,133,DAL,111
846,0022300827,2024-02-25,LAC,107,SAC,123
847,0022300821,2024-02-25,ATL,109,ORL,92
848,0022300826,2024-02-25,POR,80,CHA,93
849,0022300825,2024-02-25,UTA,128,SAS,109
850,0022300822,2024-02-25,HOU,110,OKC,123
851,0022300823,2024-02-25,NOP,106,CHI,114
852,0022300824,2024-02-25,GSW,103,DEN,119
853,0022300817,2024-02-25,PHI,98,MIL,119
854,0022300818,2024-02-25,PHX,123,LAL,113
855,0022300820,2024-02-25,WAS,105,CLE,114
856,0022300831,2024-02-26,SAC,110,MIA,121
857,0022300830,2024-02-26,MEM,86,BKN,111
858,0022300828,2024-02-26,NYK,113,DET,111
859,0022300829,2024-02-26,IND,122,TOR,130
860,0022300833,2024-02-27,ORL,108,BKN,81
861,0022300835,2024-02-27,ATL,124,UTA,97
862,0022300837,2024-02-27,NYK,92,NOP,115
863,0022300836,2024-02-27,BOS,117,PHI,99
864,0022300840,2024-02-27,MIL,123,CHA,85
865,0022300838,2024-02-27,MIN,114,SAS,105
866,0022300839,2024-02-27,CHI,95,DET,105
867,0022300832,2024-02-27,CLE,121,DAL,119
868,0022300834,2024-02-27,WAS,112,GSW,123
869,0022300842,2024-02-27,POR,96,MIA,106
870,0022300841,2024-02-27,OKC,112,HOU,95
871,0022300844,2024-02-28,TOR,125,DAL,136
872,0022300848,2024-02-28,LAC,112,LAL,116
873,0022300847,2024-02-28,DEN,117,SAC,96
874,0022300846,2024-02-28,CHI,132,CLE,123
875,0022300845,2024-02-28,MIN,110,MEM,101
876,0022300843,2024-02-28,IND,123,NOP,114
877,0022300856,2024-02-29,LAL,134,WAS,131
878,0022300855,2024-02-29,DEN,103,MIA,97
879,0022300852,2024-02-29,NYK,99,GSW,110
880,0022300853,2024-02-29,SAS,132,OKC,118
881,0022300851,2024-02-29,BKN,124,ATL,97
882,0022300850,2024-02-29,ORL,115,UTA,107
883,0022300849,2024-02-29,CHA,99,MIL,111
884,0022300854,2024-02-29,PHX,110,HOU,105
885,0022300863,2024-03-01,NOP,129,IND,102
886,0022300864,2024-03-01,CHI,97,MIL,113
887,0022300865,2024-03-01,LAC,140,WAS,115
888,0022300862,2024-03-01,MIN,120,SAC,124
889,0022300857,2024-03-01,DET,100,CLE,110
890,0022300861,2024-03-01,MEM,92,POR,122
891,0022300859,2024-03-01,BOS,138,DAL,110
892,0022300858,2024-03-01,PHI,121,CHA,114
893,0022300860,2024-03-01,TOR,105,GSW,120
894,0022300870,2024-03-02,PHX,109,HOU,118
895,0022300868,2024-03-02,MEM,100,POR,107
896,0022300869,2024-03-02,LAL,114,DEN,124
897,0022300866,2024-03-02,BKN,114,ATL,102
898,0022300867,2024-03-02,MIA,126,UTA,120
899,0022300872,2024-03-03,BOS,140,GSW,88
900,0022300873,2024-03-03,MIN,88,LAC,89
901,0022300874,2024-03-03,ORL,113,DET,91
902,0022300877,2024-03-03,SAS,117,IND,105
903,0022300876,2024-03-03,CLE,98,NYK,107
904,0022300878,2024-03-03,PHX,110,OKC,118
905,0022300871,2024-03-03,DAL,116,PHI,120
906,0022300875,2024-03-03,TOR,111,CHA,106
907,0022300883,2024-03-04,SAC,109,CHI,113
908,0022300884,2024-03-04,LAL,116,OKC,104
909,0022300880,2024-03-04,MIL,113,LAC,106
910,0022300879,2024-03-04,BKN,102,MEM,106
911,0022300882,2024-03-04,UTA,127,WAS,115
912,0022300881,2024-03-04,MIN,119,POR,114
913,0022300893,2024-03-05,DEN,107,PHX,117
914,0022300892,2024-03-05,DAL,120,IND,137
915,0022300891,2024-03-05,HOU,114,SAS,101
916,0022300887,2024-03-05,BKN,112,PHI,107
917,0022300889,2024-03-05,NYK,100,ATL,116
918,0022300888,2024-03-05,MIA,118,DET,110
919,0022300886,2024-03-05,CLE,105,BOS,104
920,0022300890,2024-03-05,TOR,98,NOP,139
921,0022300885,2024-03-05,CHA,89,ORL,101
922,0022300900,2024-03-06,POR,120,OKC,128
923,0022300901,2024-03-06,LAL,120,SAC,130
924,0022300899,2024-03-06,GSW,125,MIL,90
925,0022300898,2024-03-06,UTA,117,CHI,119
926,0022300897,2024-03-06,HOU,116,LAC,122
927,0022300896,2024-03-06,PHI,109,MEM,115
928,0022300895,2024-03-06,ATL,112,CLE,101
929,0022300894,2024-03-06,WAS,109,ORL,119
930,0022300907,2024-03-07,GSW,122,CHI,125
931,0022300902,2024-03-07,DET,118,BKN,112
932,0022300903,2024-03-07,IND,111,MIN,113
933,0022300905,2024-03-07,PHX,120,TOR,113
934,0022300906,2024-03-07,DEN,115,BOS,109
935,0022300908,2024-03-07,SAC,131,SAS,129
936,0022300904,2024-03-07,DAL,114,MIA,108
937,0022300915,2024-03-08,LAL,123,MIL,122
938,0022300916,2024-03-08,POR,107,HOU,123
939,0022300911,2024-03-08,CLE,113,MIN,104
940,0022300913,2024-03-08,MEM,92,ATL,99
941,0022300914,2024-03-08,OKC,107,MIA,100
942,0022300909,2024-03-08,PHI,95,NOP,103
943,0022300912,2024-03-08,NYK,98,ORL,74
944,0022300910,2024-03-08,WAS,112,CHA,100
945,0022300923,2024-03-09,POR,128,TOR,118
946,0022300922,2024-03-09,DEN,142,UTA,121
947,0022300921,2024-03-09,GSW,113,SAS,126
948,0022300920,2024-03-09,PHX,107,BOS,117
949,0022300919,2024-03-09,DET,124,DAL,142
950,0022300918,2024-03-09,CHA,110,BKN,99
951,0022300917,2024-03-09,LAC,112,CHI,102
952,0022300925,2024-03-10,ATL,103,NOP,116
953,0022300932,2024-03-10,LAL,120,MIN,109
954,0022300927,2024-03-10,NYK,73,PHI,79
955,0022300930,2024-03-10,CLE,101,BKN,120
956,0022300931,2024-03-10,OKC,124,MEM,93
957,0022300928,2024-03-10,ORL,97,IND,111
958,0022300929,2024-03-10,SAC,104,HOU,112
959,0022300924,2024-03-10,LAC,117,MIL,124
960,0022300926,2024-03-10,MIA,108,WAS,110
961,0022300933,2024-03-11,DET,114,CHA,97
962,0022300934,2024-03-11,CLE,111,PHX,117
963,0022300936,2024-03-11,SAS,102,GSW,112
964,0022300935,2024-03-11,CHI,92,DAL,127
965,0022300937,2024-03-11,DEN,125,TOR,119
966,0022300938,2024-03-11,POR,99,BOS,121
967,0022300942,2024-03-12,SAS,101,HOU,103
968,0022300945,2024-03-12,SAC,129,MIL,94
969,0022300944,2024-03-12,LAC,100,MIN,118
970,0022300943,2024-03-12,UTA,107,BOS,123
971,0022300941,2024-03-12,OKC,111,IND,121
972,0022300940,2024-03-12,MEM,109,WAS,97
973,0022300939,2024-03-12,NYK,106,PHI,79
974,0022300946,2024-03-13,DET,113,TOR,104
975,0022300947,2024-03-13,ORL,114,BKN,106
976,0022300949,2024-03-13,MIA,88,DEN,100
977,0022300951,2024-03-13,NOP,95,CLE,116
978,0022300950,2024-03-13,MEM,98,CHA,110
979,0022300948,2024-03-13,IND,129,CHI,132
980,0022300952,2024-03-13,DAL,109,GSW,99
981,0022300953,2024-03-13,POR,106,ATL,102
982,0022300954,2024-03-13,SAC,120,LAL,107
983,0022300960,2024-03-14,POR,93,NYK,105
984,0022300959,2024-03-14,OKC,126,DAL,119
985,0022300956,2024-03-14,CHI,111,LAC,126
986,0022300957,2024-03-14,HOU,135,WAS,119
987,0022300958,2024-03-14,MIL,114,PHI,105
988,0022300955,2024-03-14,BOS,127,PHX,112
989,0022300962,2024-03-15,DET,95,MIA,108
990,0022300961,2024-03-15,CHA,96,PHX,107
991,0022300963,2024-03-15,TOR,103,ORL,113
992,0022300964,2024-03-15,NOP,112,LAC,104
993,0022300965,2024-03-15,SAS,106,DEN,117
994,0022300966,2024-03-15,UTA,124,ATL,122
995,0022300967,2024-03-16,HOU,117,CLE,103
996,0022300974,2024-03-16,UTA,100,MIN,119
997,0022300975,2024-03-16,SAC,91,NYK,98
998,0022300971,2024-03-16,CHI,127,WAS,98
999,0022300970,2024-03-16,NOP,126,POR,107
1000,0022300973,2024-03-16,LAL,121,GSW,128
1001,0022300972,2024-03-16,MEM,112,OKC,118
1002,0022300968,2024-03-16,IND,121,BKN,100
1003,0022300969,2024-03-16,PHI,109,CHA,98
1004,0022300979,2024-03-17,ORL,111,TOR,96
1005,0022300980,2024-03-17,WAS,104,BOS,130
1006,0022300978,2024-03-17,DAL,107,DEN,105
1007,0022300982,2024-03-17,LAC,93,ATL,110
1008,0022300981,2024-03-17,SAS,122,BKN,115
1009,0022300977,2024-03-17,DET,101,MIA,104
1010,0022300976,2024-03-17,MIL,140,PHX,129
1011,0022300983,2024-03-18,IND,103,CLE,108
1012,0022300984,2024-03-18,BOS,119,DET,94
1013,0022300985,2024-03-18,PHI,98,MIA,91
1014,0022300986,2024-03-18,CHI,110,POR,107
1015,0022300987,2024-03-18,UTA,104,MIN,114
1016,0022300990,2024-03-18,LAL,136,ATL,105
1017,0022300988,2024-03-18,GSW,112,NYK,119
1018,0022300989,2024-03-18,SAC,121,MEM,111
1019,0022300995,2024-03-19,MIN,112,DEN,115
1020,0022300991,2024-03-19,ORL,112,CHA,92
1021,0022300994,2024-03-19,SAS,107,DAL,113
1022,0022300993,2024-03-19,BKN,91,NOP,104
1023,0022300992,2024-03-19,WAS,114,HOU,137
1024,0022300996,2024-03-20,CLE,104,MIA,107
1025,0022300997,2024-03-20,DET,103,IND,122
1026,0022300999,2024-03-20,TOR,89,SAC,123
1027,0022300998,2024-03-20,BOS,122,MIL,119
1028,0022301000,2024-03-20,OKC,119,UTA,107
1029,0022301003,2024-03-20,POR,103,LAC,116
1030,0022301001,2024-03-20,GSW,137,MEM,116
1031,0022301002,2024-03-20,PHX,115,PHI,102
1032,0022301010,2024-03-21,PHX,128,ATL,115
1033,0022301009,2024-03-21,DEN,113,NYK,100
1034,0022301004,2024-03-21,ORL,121,NOP,106
1035,0022301008,2024-03-21,DAL,113,UTA,97
1036,0022301006,2024-03-21,HOU,127,CHI,117
1037,0022301007,2024-03-21,MIL,115,BKN,108
1038,0022301005,2024-03-21,WAS,109,SAC,102
1039,0022301017,2024-03-22,POR,117,LAC,125
1040,0022301018,2024-03-22,LAL,101,PHI,94
1041,0022301015,2024-03-22,SAS,97,MEM,99
1042,0022301013,2024-03-22,MIA,88,NOP,111
1043,0022301016,2024-03-22,GSW,111,IND,123
1044,0022301014,2024-03-22,MIN,104,CLE,91
1045,0022301012,2024-03-22,TOR,103,OKC,123
1046,0022301011,2024-03-22,DET,102,BOS,129
1047,0022301019,2024-03-23,NYK,105,BKN,93
1048,0022301020,2024-03-23,ORL,107,SAC,109
1049,0022301021,2024-03-23,ATL,132,CHA,91
1050,0022301023,2024-03-23,CHI,113,BOS,124
1051,0022301025,2024-03-23,SAS,106,PHX,131
1052,0022301022,2024-03-23,WAS,112,TOR,109
1053,0022301024,2024-03-23,HOU,147,UTA,119
1054,0022301026,2024-03-23,POR,111,DEN,114
1055,0022301030,2024-03-24,MIL,118,OKC,93
1056,0022301028,2024-03-24,LAC,107,PHI,121
1057,0022301032,2024-03-24,LAL,150,IND,145
1058,0022301031,2024-03-24,MIN,114,GSW,110
1059,0022301027,2024-03-24,DET,101,NOP,114
1060,0022301029,2024-03-24,MIA,121,CLE,84
1061,0022301043,2024-03-25,LAC,116,IND,133
1062,0022301042,2024-03-25,SAC,108,PHI,96
1063,0022301040,2024-03-25,DEN,128,MEM,103
1064,0022301039,2024-03-25,SAS,104,PHX,102
1065,0022301041,2024-03-25,UTA,105,DAL,115
1066,0022301037,2024-03-25,CHI,105,WAS,107
1067,0022301038,2024-03-25,HOU,110,POR,92
1068,0022301035,2024-03-25,NYK,124,DET,99
1069,0022301034,2024-03-25,ATL,120,BOS,118
1070,0022301036,2024-03-25,TOR,88,BKN,96
1071,0022301033,2024-03-25,CLE,115,CHA,92
1072,0022301047,2024-03-26,SAC,96,DAL,132
1073,0022301045,2024-03-26,MIL,124,LAL,128
1074,0022301046,2024-03-26,NOP,112,OKC,119
1075,0022301044,2024-03-26,MIA,92,GSW,113
1076,0022301058,2024-03-27,UTA,111,SAS,118
1077,0022301059,2024-03-27,DEN,97,PHX,104
1078,0022301053,2024-03-27,TOR,101,NYK,145
1079,0022301057,2024-03-27,OKC,126,HOU,132
1080,0022301054,2024-03-27,CHI,125,IND,99
1081,0022301055,2024-03-27,MEM,124,LAL,136
1082,0022301056,2024-03-27,MIN,106,DET,91
1083,0022301052,2024-03-27,PHI,107,LAC,108
1084,0022301051,2024-03-27,ATL,120,POR,106
1085,0022301050,2024-03-27,WAS,119,BKN,122
1086,0022301049,2024-03-27,ORL,93,GSW,101
1087,0022301048,2024-03-27,CHA,118,CLE,111
1088,0022301060,2024-03-28,ATL,123,BOS,122
1089,0022301061,2024-03-28,NOP,107,MIL,100
1090,0022301071,2024-03-29,DEN,98,MIN,111
1091,0022301072,2024-03-29,UTA,100,HOU,101
1092,0022301073,2024-03-29,SAC,103,DAL,107
1093,0022301070,2024-03-29,SAS,130,NYK,126
1094,0022301065,2024-03-29,WAS,87,DET,96
1095,0022301068,2024-03-29,MIA,142,POR,82
1096,0022301069,2024-03-29,OKC,128,PHX,103
1097,0022301067,2024-03-29,CLE,117,PHI,114
1098,0022301066,2024-03-29,BKN,125,CHI,108
1099,0022301064,2024-03-29,ORL,97,LAC,100
1100,0022301062,2024-03-29,CHA,97,GSW,115
1101,0022301063,2024-03-29,IND,109,LAL,90
1102,0022301075,2024-03-30,ORL,118,MEM,88
1103,0022301076,2024-03-30,ATL,113,MIL,122
1104,0022301074,2024-03-30,NOP,92,BOS,104
1105,0022301077,2024-03-31,DEN,130,CLE,101
1106,0022301081,2024-03-31,WAS,107,MIA,119
1107,0022301078,2024-03-31,BKN,104,LAL,116
1108,0022301079,2024-03-31,CHA,118,LAC,130
1109,0022301084,2024-03-31,MIN,101,CHI,109
1110,0022301086,2024-03-31,SAC,127,UTA,106
1111,0022301083,2024-03-31,HOU,107,DAL,125
1112,0022301080,2024-03-31,TOR,120,PHI,135
1113,0022301082,2024-03-31,NYK,112,OKC,113
1114,0022301085,2024-03-31,SAS,113,GSW,117
1115,0022301092,2024-04-01,NOP,111,PHX,124
1116,0022301091,2024-04-01,CHI,101,ATL,113
1117,0022301089,2024-04-01,IND,133,BKN,111
1118,0022301088,2024-04-01,DET,108,MEM,110
1119,0022301087,2024-04-01,CHA,104,BOS,118
1120,0022301090,2024-04-01,ORL,104,POR,103
1121,0022300589,2024-04-02,GSW,104,DAL,100
1122,0022301101,2024-04-02,SAC,109,LAC,95
1123,0022301100,2024-04-02,UTA,113,CLE,129
1124,0022301099,2024-04-02,DEN,110,SAS,105
1125,0022301098,2024-04-02,MIN,113,HOU,106
1126,0022301096,2024-04-02,MIA,109,NYK,99
1127,0022301093,2024-04-02,PHI,109,OKC,105
1128,0022301095,2024-04-02,WAS,117,MIL,113
1129,0022301094,2024-04-02,TOR,111,LAL,128
1130,0022301110,2024-04-03,PHX,122,CLE,101
1131,0022301109,2024-04-03,NOP,108,ORL,117
1132,0022301102,2024-04-03,CHA,86,POR,89
1133,0022301107,2024-04-03,MIL,101,MEM,111
1134,0022301108,2024-04-03,MIN,133,TOR,85
1135,0022301105,2024-04-03,BOS,135,OKC,100
1136,0022301106,2024-04-03,BKN,115,IND,111
1137,0022301103,2024-04-03,WAS,120,LAL,125
1138,0022301104,2024-04-03,ATL,121,DET,113
1139,0022301114,2024-04-04,LAC,102,DEN,100
1140,0022301113,2024-04-04,HOU,110,GSW,133
1141,0022301111,2024-04-04,MIA,105,PHI,109
1142,0022301112,2024-04-04,NYK,120,SAC,109
1143,0022301124,2024-04-04,DAL,109,ATL,95
1144,0022301126,2024-04-05,LAC,131,UTA,102
1145,0022301097,2024-04-05,DAL,108,GSW,106
1146,0022301119,2024-04-05,CHI,108,NYK,100
1147,0022301115,2024-04-05,CHA,124,ORL,115
1148,0022301122,2024-04-05,MIL,111,TOR,117
1149,0022301120,2024-04-05,HOU,104,MIA,119
1150,0022301123,2024-04-05,NOP,109,SAS,111
1151,0022301121,2024-04-05,MEM,108,DET,90
1152,0022301118,2024-04-05,BOS,101,SAC,100
1153,0022301117,2024-04-05,WAS,102,POR,108
1154,0022301116,2024-04-05,IND,126,OKC,112
1155,0022301125,2024-04-05,PHX,97,MIN,87
1156,0022301127,2024-04-06,LAL,116,CLE,97
1157,0022301130,2024-04-06,DEN,142,ATL,110
1158,0022301129,2024-04-06,MEM,96,PHI,116
1159,0022301128,2024-04-06,BKN,113,DET,103
1160,0022301137,2024-04-07,TOR,130,WAS,122
1161,0022301132,2024-04-07,LAC,120,CLE,118
1162,0022301133,2024-04-07,IND,117,MIA,115
1163,0022301143,2024-04-07,LAL,117,MIN,127
1164,0022301142,2024-04-07,GSW,118,UTA,110
1165,0022301140,2024-04-07,SAS,126,PHI,133
1166,0022301141,2024-04-07,BKN,77,SAC,107
1167,0022301139,2024-04-07,MIL,109,NYK,122
1168,0022301136,2024-04-07,ORL,113,CHI,98
1169,0022301138,2024-04-07,PHX,105,NOP,113
1170,0022301135,2024-04-07,CHA,118,OKC,121
1171,0022301134,2024-04-07,BOS,124,POR,107
1172,0022301131,2024-04-07,DAL,147,HOU,136
1173,0022301153,2024-04-09,OKC,112,SAC,105
1174,0022301155,2024-04-09,LAL,120,GSW,134
1175,0022301156,2024-04-09,PHX,92,LAC,105
1176,0022301154,2024-04-09,UTA,95,DEN,111
1177,0022301157,2024-04-09,POR,100,NOP,110
1178,0022301151,2024-04-09,MEM,87,SAS,102
1179,0022301150,2024-04-09,HOU,118,ORL,106
1180,0022301149,2024-04-09,CHI,117,NYK,128
1181,0022301152,2024-04-09,MIN,130,WAS,121
1182,0022301147,2024-04-09,ATL,111,MIA,117
1183,0022301146,2024-04-09,TOR,123,IND,140
1184,0022301148,2024-04-09,MIL,104,BOS,91
1185,0022301145,2024-04-09,PHI,120,DET,102
1186,0022301144,2024-04-09,CHA,104,DAL,130
1187,0022301165,2024-04-10,LAC,108,PHX,124
1188,0022301164,2024-04-10,DEN,116,MIN,107
1189,0022301163,2024-04-10,OKC,127,SAS,89
1190,0022301160,2024-04-10,BKN,106,TOR,102
1191,0022301162,2024-04-10,MIL,117,ORL,99
1192,0022301161,2024-04-10,MIA,92,DAL,111
1193,0022301159,2024-04-10,ATL,114,CHA,115
1194,0022301158,2024-04-10,CLE,110,MEM,98
1195,0022301170,2024-04-11,SAC,123,NOP,135
1196,0022301169,2024-04-11,POR,92,GSW,100
1197,0022301167,2024-04-11,BOS,109,NYK,118
1198,0022301168,2024-04-11,UTA,124,HOU,121
1199,0022301166,2024-04-11,DET,105,CHI,127
1200,0022301172,2024-04-12,WAS,127,CHI,129
1201,0022301185,2024-04-12,SAC,107,PHX,108
1202,0022301184,2024-04-12,LAC,109,UTA,110
1203,0022301182,2024-04-12,GSW,109,NOP,114
1204,0022301183,2024-04-12,POR,107,HOU,116
1205,0022301181,2024-04-12,DAL,89,DET,107
1206,0022301180,2024-04-12,SAS,121,DEN,120
1207,0022301177,2024-04-12,MEM,120,LAL,123
1208,0022301178,2024-04-12,MIN,109,ATL,106
1209,0022301173,2024-04-12,BOS,131,CHA,98
1210,0022301179,2024-04-12,OKC,125,MIL,107
1211,0022301176,2024-04-12,MIA,125,TOR,103
1212,0022301175,2024-04-12,NYK,111,BKN,107
1213,0022301174,2024-04-12,CLE,129,IND,120
1214,0022301171,2024-04-12,PHI,125,ORL,113
1215,0022301198,2024-04-14,GSW,123,UTA,116
1216,0022301200,2024-04-14,SAC,121,POR,82
1217,0022301194,2024-04-14,MIN,106,PHX,125
1218,0022301195,2024-04-14,NOP,108,LAL,124
1219,0022301197,2024-04-14,SAS,123,DET,95
1220,0022301193,2024-04-14,MEM,111,DEN,126
1221,0022301196,2024-04-14,OKC,135,DAL,86
1222,0022301191,2024-04-14,ORL,113,MIL,88
1223,0022301190,2024-04-14,NYK,120,CHI,119
1224,0022301187,2024-04-14,CLE,110,CHA,120
1225,0022301189,2024-04-14,MIA,118,TOR,103
1226,0022301188,2024-04-14,IND,157,ATL,115
1227,0022301186,2024-04-14,BOS,132,WAS,122
1228,0022301192,2024-04-14,PHI,107,BKN,86
1229,0022301199,2024-04-14,LAC,105,HOU,116
1230,0042300161,2024-04-20,MIN,120,PHX,95
1231,0042300111,2024-04-20,NYK,111,PHI,104
1232,0042300151,2024-04-20,DEN,114,LAL,103
1233,0042300131,2024-04-20,CLE,97,ORL,83
1234,0042300171,2024-04-21,LAC,109,DAL,97
1235,0042300121,2024-04-21,MIL,109,IND,94
1236,0042300141,2024-04-21,OKC,94,NOP,92
1237,0042300101,2024-04-21,BOS,114,MIA,94
1238,0042300152,2024-04-22,DEN,101,LAL,99
1239,0042300132,2024-04-22,CLE,96,ORL,86
1240,0042300112,2024-04-22,NYK,104,PHI,101
1241,0042300162,2024-04-23,MIN,105,PHX,93
1242,0042300172,2024-04-23,LAC,93,DAL,96
1243,0042300122,2024-04-23,MIL,108,IND,125
1244,0042300142,2024-04-24,OKC,124,NOP,92
1245,0042300102,2024-04-24,BOS,101,MIA,111
1246,0042300133,2024-04-25,ORL,121,CLE,83
1247,0042300153,2024-04-25,LAL,105,DEN,112
1248,0042300113,2024-04-25,PHI,125,NYK,114
1249,0042300163,2024-04-26,PHX,109,MIN,126
1250,0042300123,2024-04-26,IND,121,MIL,118
1251,0042300173,2024-04-26,DAL,101,LAC,90
1252,0042300103,2024-04-27,MIA,84,BOS,104
1253,0042300154,2024-04-27,LAL,119,DEN,108
1254,0042300134,2024-04-27,ORL,112,CLE,89
1255,0042300143,2024-04-27,NOP,85,OKC,106
1256,0042300174,2024-04-28,DAL,111,LAC,116
1257,0042300164,2024-04-28,PHX,116,MIN,122
1258,0042300114,2024-04-28,PHI,92,NYK,97
1259,0042300124,2024-04-28,IND,126,MIL,113
1260,0042300155,2024-04-29,DEN,108,LAL,106
1261,0042300104,2024-04-29,MIA,88,BOS,102
1262,0042300144,2024-04-29,NOP,89,OKC,97
1263,0042300125,2024-04-30,MIL,115,IND,92
1264,0042300135,2024-04-30,CLE,104,ORL,103
1265,0042300115,2024-04-30,NYK,106,PHI,112
1266,0042300105,2024-05-01,BOS,118,MIA,84
1267,0042300175,2024-05-01,LAC,93,DAL,123
1268,0042300116,2024-05-02,PHI,115,NYK,118
1269,0042300126,2024-05-02,IND,120,MIL,98
1270,0042300176,2024-05-03,DAL,114,LAC,101
1271,0042300136,2024-05-03,ORL,103,CLE,96
1272,0042300231,2024-05-04,DEN,99,MIN,106
1273,0042300137,2024-05-05,CLE,106,ORL,94
1274,0042300232,2024-05-06,DEN,80,MIN,106
1275,0042300211,2024-05-06,NYK,121,IND,117
1276,0042300221,2024-05-07,OKC,117,DAL,95
1277,0042300201,2024-05-07,BOS,120,CLE,95
1278,0042300212,2024-05-08,NYK,130,IND,121
1279,0042300222,2024-05-09,OKC,110,DAL,119
1280,0042300202,2024-05-09,BOS,94,CLE,118
1281,0042300233,2024-05-10,MIN,90,DEN,117
1282,0042300213,2024-05-10,IND,111,NYK,106
1283,0042300223,2024-05-11,DAL,105,OKC,101
1284,0042300203,2024-05-11,CLE,93,BOS,106
1285,0042300234,2024-05-12,MIN,107,DEN,115
1286,0042300214,2024-05-12,IND,121,NYK,89
1287,0042300224,2024-05-13,DAL,96,OKC,100
1288,0042300204,2024-05-13,CLE,102,BOS,109
1289,0042300235,2024-05-14,DEN,112,MIN,97
1290,0042300215,2024-05-14,NYK,121,IND,91
1291,0042300205,2024-05-15,BOS,113,CLE,98
1292,0042300225,2024-05-15,OKC,92,DAL,104
1293,0042300236,2024-05-16,MIN,115,DEN,70
1294,0042300216,2024-05-17,IND,116,NYK,103
1295,0042300226,2024-05-18,DAL,117,OKC,116
1296,0042300217,2024-05-19,NYK,109,IND,130
1297,0042300237,2024-05-19,DEN,90,MIN,98
1298,0042300301,2024-05-21,BOS,133,IND,128
1299,0042300311,2024-05-22,MIN,105,DAL,108
1300,0042300302,2024-05-23,BOS,126,IND,110
1301,0042300312,2024-05-24,MIN,108,DAL,109
1302,0042300303,2024-05-25,IND,111,BOS,114
1303,0042300313,2024-05-26,DAL,116,MIN,107
1304,0042300304,2024-05-27,IND,102,BOS,105
1305,0042300314,2024-05-28,DAL,100,MIN,105
1306,0042300315,2024-05-30,MIN,103,DAL,124
1307,0042300401,2024-06-06,BOS,107,DAL,89
1308,0042300402,2024-06-09,BOS,105,DAL,98
1309,0042300403,2024-06-12,DAL,99,BOS,106
1310,0042300404,2024-06-14,DAL,122,BOS,84
1311,0042300405,2024-06-17,BOS,106,DAL,88
